Terminales no usados en la gramática

    operacionTK
    literal_cadenaTK


Estado 94 conflictos: 2 desplazamiento/reducción
Estado 137 conflictos: 6 reducción/reducción
Estado 196 conflictos: 6 reducción/reducción
Estado 197 conflictos: 6 reducción/reducción


Gramática

    0 $accept: desc_algoritmoV $end

    1 desc_algoritmoV: inicio_algoritmoTK identificadorTK operador_comp_secTK cabecera_algV bloque_algV fin_algoritmoTK puntoTK

    2 cabecera_algV: decl_globalesV decl_a_fV decl_ent_salV comentarioTK

    3 bloque_algV: bloqueV comentarioTK

    4 decl_globalesV: declaracion_tipoV decl_globalesV
    5               | declaracion_constV decl_globalesV
    6               | ε

    7 decl_a_fV: accion_dV decl_a_fV
    8          | funcion_dV decl_a_fV
    9          | ε

   10 bloqueV: declaracionesV instruccionesV

   11 declaracionesV: declaracion_tipoV declaracionesV
   12               | declaracion_constV declaracionesV
   13               | declaracion_varV declaracionesV
   14               | ε

   15 declaracion_tipoV: inicio_tipoTK lista_d_tipoV fin_tipoTK operador_comp_secTK

   16 declaracion_constV: inicio_constTK lista_d_cteV fin_constTK operador_comp_secTK

   17 declaracion_varV: inicio_varTK lista_d_varV fin_varTK operador_comp_secTK

   18 lista_d_tipoV: declaracionTipoV
   19              | lista_d_tipoV declaracionTipoV

   20 declaracionTipoV: identificadorTK operador_igualTK d_tipoV operador_comp_secTK

   21 d_tipoV: inicio_tuplaTK lista_camposV fin_tuplaTK
   22        | tipoTablaTK operador_inicio_arrayTK expresion_tV operador_subrangoTK expresion_tV operador_fin_arrayTK deTK d_tipoV
   23        | identificadorTK
   24        | expresion_tV operador_subrangoTK expresion_tV
   25        | tipoRefTK d_tipoV
   26        | tipoTK

   27 expresion_tV: expresionV
   28             | literal_caracterTK

   29 lista_camposV: declaracionCampoV
   30              | lista_camposV declaracionCampoV

   31 declaracionCampoV: identificadorTK operador_def_tipoTK d_tipoV operador_comp_secTK

   32 lista_d_cteV: declaracionDeConstanteV
   33             | lista_d_cteV declaracionDeConstanteV

   34 declaracionDeConstanteV: identificadorConstanteTK operador_igualTK literal_enteroTK operador_comp_secTK

   35 lista_d_varV: declaracionDeVariableV
   36             | lista_d_varV declaracionDeVariableV

   37 declaracionDeVariableV: lista_idV operador_def_tipoTK d_tipoV operador_comp_secTK

   38 lista_idV: declaracionDeListaIdV
   39          | lista_idV operador_separadorTK declaracionDeListaIdV

   40 declaracionDeListaIdV: identificadorTK

   41 decl_ent_salV: decl_entV
   42              | decl_entV decl_salV
   43              | decl_salV

   44 decl_entV: tipo_atributo_entTK lista_d_varV

   45 decl_salV: tipo_atributo_salTK lista_d_varV

   46 exp_aV: exp_aV aritmetico_sumaTK exp_aV
   47       | exp_aV aritmetico_restaTK exp_aV
   48       | exp_aV aritmetico_productoTK exp_aV
   49       | exp_aV aritmetico_divisionTK exp_aV
   50       | exp_aV aritmetico_divisionRealTK exp_aV
   51       | exp_aV aritmetico_moduloTK exp_aV
   52       | inicio_parentesisTK exp_aV fin_parentesisTK
   53       | operando_aV
   54       | literal_enteroTK
   55       | literal_realTK
   56       | aritmetico_restaTK exp_aV
   57       | aritmetico_sumaTK exp_aV

   58 exp_bV: exp_bV conjuncionTK exp_bV
   59       | exp_bV disyuncionTK exp_bV
   60       | noTK exp_bV
   61       | operando_bV
   62       | literal_booleanoTK
   63       | expresionV relacional_distintoTK expresionV
   64       | expresionV relacional_menor_igualTK expresionV
   65       | expresionV relacional_mayor_igualTK expresionV
   66       | expresionV relacional_menorTK expresionV
   67       | expresionV relacional_mayorTK expresionV
   68       | expresionV operador_igualTK expresionV
   69       | inicio_parentesisTK exp_bV fin_parentesisTK

   70 expresionV: exp_aV
   71           | exp_bV
   72           | funcion_llV

   73 operando_aV: identificadorTK
   74            | operando_aV puntoTK operando_aV
   75            | operando_aV operador_inicio_arrayTK expresionV operador_fin_arrayTK
   76            | operando_aV tipoTK

   77 operando_bV: identificadorBooleanoTK
   78            | operando_bV puntoTK operando_bV
   79            | operando_bV operador_inicio_arrayTK expresionV operador_fin_arrayTK
   80            | operando_bV tipoTK

   81 instruccionesV: instruccionV operador_comp_secTK instruccionesV
   82               | instruccionV

   83 instruccionV: continuarTK
   84             | asignacion_aV
   85             | asignacion_bV
   86             | alternativaV
   87             | iteracionV
   88             | accion_llV

   89 asignacion_aV: operando_aV operador_asignacionTK expresionV

   90 asignacion_bV: operando_bV operador_asignacionTK expresionV

   91 alternativaV: inicio_siTK expresionV operador_entoncesTK instruccionesV lista_opcionesV fin_siTK

   92 lista_opcionesV: operador_elseTK expresionV operador_entoncesTK instruccionesV lista_opcionesV
   93                | ε

   94 iteracionV: it_cota_fijaV
   95           | it_cota_expV

   96 it_cota_expV: inicio_mientrasTK expresionV hacerTK instruccionesV fin_mientrasTK

   97 it_cota_fijaV: inicio_paraTK identificadorTK operador_asignacionTK expresionV hastaTK expresionV hacerTK instruccionesV fin_paraTK

   98 accion_dV: inicio_accionTK a_cabeceraV bloqueV fin_accionTK

   99 funcion_dV: inicio_funcionTK f_cabeceraV bloqueV devTK expresionV fin_funcionTK

  100 a_cabeceraV: identificadorTK inicio_parentesisTK d_par_formV fin_parentesisTK operador_comp_secTK

  101 f_cabeceraV: identificadorTK inicio_parentesisTK lista_d_varV fin_parentesisTK devTK d_tipoV operador_comp_secTK

  102 d_par_formV: d_p_formV operador_comp_secTK d_par_formV
  103            | ε

  104 d_p_formV: tipo_atributo_entTK lista_idV operador_def_tipoTK d_tipoV
  105          | tipo_atributo_salTK lista_idV operador_def_tipoTK d_tipoV
  106          | tipo_atributo_ent_salTK lista_idV operador_def_tipoTK d_tipoV

  107 accion_llV: identificadorTK inicio_parentesisTK l_llV fin_parentesisTK

  108 funcion_llV: identificadorTK inicio_parentesisTK l_llV fin_parentesisTK

  109 l_llV: expresionV operador_separadorTK l_llV
  110      | expresionV


Terminales con las reglas donde aparecen

    $end (0) 0
    error (256)
    operador_asignacionTK (258) 89 90 97
    operador_comp_secTK <caracter> (259) 1 15 16 17 20 31 34 37 81 100 101 102
    operador_separadorTK (260) 39 109
    operador_subrangoTK (261) 22 24
    puntoTK (262) 1 74 78
    operador_def_tipoTK (263) 31 37 104 105 106
    operador_entoncesTK (264) 91 92
    operador_elseTK (265) 92
    operador_igualTK (266) 20 34 68
    operador_inicio_arrayTK (267) 22 75 79
    operador_fin_arrayTK (268) 22 75 79
    relacional_distintoTK (269) 63
    relacional_menor_igualTK (270) 64
    relacional_mayor_igualTK (271) 65
    relacional_menorTK (272) 66
    relacional_mayorTK (273) 67
    aritmetico_sumaTK (274) 46 57
    aritmetico_restaTK (275) 47 56
    aritmetico_productoTK (276) 48
    aritmetico_divisionTK (277) 49
    inicio_parentesisTK (278) 52 69 100 101 107 108
    fin_parentesisTK (279) 52 69 100 101 107 108
    tipoTK <tipo> (280) 26 76 80
    tipoTablaTK (281) 22
    tipoRefTK (282) 25
    conjuncionTK (283) 58
    disyuncionTK (284) 59
    tipo_atributo_entTK (285) 44 104
    tipo_atributo_salTK (286) 45 105
    tipo_atributo_ent_salTK (287) 106
    operacionTK (288)
    continuarTK (289) 83
    deTK (290) 22
    devTK (291) 99 101
    hacerTK (292) 96 97
    hastaTK (293) 97
    noTK (294) 60
    inicio_accionTK (295) 98
    fin_accionTK (296) 98
    inicio_algoritmoTK (297) 1
    fin_algoritmoTK (298) 1
    inicio_siTK (299) 91
    fin_siTK (300) 91
    inicio_mientrasTK (301) 96
    fin_mientrasTK (302) 96
    inicio_varTK (303) 17
    fin_varTK (304) 17
    inicio_constTK (305) 16
    fin_constTK (306) 16
    inicio_funcionTK (307) 99
    fin_funcionTK (308) 99
    inicio_paraTK (309) 97
    fin_paraTK (310) 97
    inicio_tuplaTK (311) 21
    fin_tuplaTK (312) 21
    inicio_tipoTK (313) 15
    fin_tipoTK (314) 15
    identificadorTK <cadena> (315) 1 20 23 31 40 73 97 100 101 107 108
    identificadorBooleanoTK <cadena> (316) 77
    identificadorConstanteTK <cadena> (317) 34
    literal_booleanoTK <literal> (318) 62
    literal_enteroTK <literal> (319) 34 54
    literal_realTK <literal> (320) 55
    literal_caracterTK <literal> (321) 28
    literal_cadenaTK <literal> (322)
    comentarioTK (323) 2 3
    aritmetico_divisionRealTK (324) 50
    aritmetico_moduloTK (325) 51


No terminales con las reglas donde aparecen

    $accept (71)
        on left: 0
    desc_algoritmoV (72)
        on left: 1
        on right: 0
    cabecera_algV (73)
        on left: 2
        on right: 1
    bloque_algV (74)
        on left: 3
        on right: 1
    decl_globalesV (75)
        on left: 4 5 6
        on right: 2 4 5
    decl_a_fV (76)
        on left: 7 8 9
        on right: 2 7 8
    bloqueV (77)
        on left: 10
        on right: 3 98 99
    declaracionesV (78)
        on left: 11 12 13 14
        on right: 10 11 12 13
    declaracion_tipoV (79)
        on left: 15
        on right: 4 11
    declaracion_constV (80)
        on left: 16
        on right: 5 12
    declaracion_varV (81)
        on left: 17
        on right: 13
    lista_d_tipoV (82)
        on left: 18 19
        on right: 15 19
    declaracionTipoV (83)
        on left: 20
        on right: 18 19
    d_tipoV <tipo> (84)
        on left: 21 22 23 24 25 26
        on right: 20 22 25 31 37 101 104 105 106
    expresion_tV (85)
        on left: 27 28
        on right: 22 24
    lista_camposV (86)
        on left: 29 30
        on right: 21 30
    declaracionCampoV (87)
        on left: 31
        on right: 29 30
    lista_d_cteV (88)
        on left: 32 33
        on right: 16 33
    declaracionDeConstanteV (89)
        on left: 34
        on right: 32 33
    lista_d_varV (90)
        on left: 35 36
        on right: 17 36 44 45 101
    declaracionDeVariableV (91)
        on left: 37
        on right: 35 36
    lista_idV (92)
        on left: 38 39
        on right: 37 39 104 105 106
    declaracionDeListaIdV (93)
        on left: 40
        on right: 38 39
    decl_ent_salV (94)
        on left: 41 42 43
        on right: 2
    decl_entV (95)
        on left: 44
        on right: 41 42
    decl_salV (96)
        on left: 45
        on right: 42 43
    exp_aV (97)
        on left: 46 47 48 49 50 51 52 53 54 55 56 57
        on right: 46 47 48 49 50 51 52 56 57 70
    exp_bV (98)
        on left: 58 59 60 61 62 63 64 65 66 67 68 69
        on right: 58 59 60 69 71
    expresionV (99)
        on left: 70 71 72
        on right: 27 63 64 65 66 67 68 75 79 89 90 91 92 96 97 99 109 110
    operando_aV <paraOperando> (100)
        on left: 73 74 75 76
        on right: 53 74 75 76 89
    operando_bV (101)
        on left: 77 78 79 80
        on right: 61 78 79 80 90
    instruccionesV (102)
        on left: 81 82
        on right: 10 81 91 92 96 97
    instruccionV (103)
        on left: 83 84 85 86 87 88
        on right: 81 82
    asignacion_aV (104)
        on left: 89
        on right: 84
    asignacion_bV (105)
        on left: 90
        on right: 85
    alternativaV (106)
        on left: 91
        on right: 86
    lista_opcionesV (107)
        on left: 92 93
        on right: 91 92
    iteracionV (108)
        on left: 94 95
        on right: 87
    it_cota_expV (109)
        on left: 96
        on right: 95
    it_cota_fijaV (110)
        on left: 97
        on right: 94
    accion_dV (111)
        on left: 98
        on right: 7
    funcion_dV (112)
        on left: 99
        on right: 8
    a_cabeceraV (113)
        on left: 100
        on right: 98
    f_cabeceraV (114)
        on left: 101
        on right: 99
    d_par_formV (115)
        on left: 102 103
        on right: 100 102
    d_p_formV (116)
        on left: 104 105 106
        on right: 102
    accion_llV (117)
        on left: 107
        on right: 88
    funcion_llV (118)
        on left: 108
        on right: 72
    l_llV (119)
        on left: 109 110
        on right: 107 108 109


Estado 0

    0 $accept: • desc_algoritmoV $end

    inicio_algoritmoTK  desplazar e ir al estado 1

    desc_algoritmoV  ir al estado 2


Estado 1

    1 desc_algoritmoV: inicio_algoritmoTK • identificadorTK operador_comp_secTK cabecera_algV bloque_algV fin_algoritmoTK puntoTK

    identificadorTK  desplazar e ir al estado 3


Estado 2

    0 $accept: desc_algoritmoV • $end

    $end  desplazar e ir al estado 4


Estado 3

    1 desc_algoritmoV: inicio_algoritmoTK identificadorTK • operador_comp_secTK cabecera_algV bloque_algV fin_algoritmoTK puntoTK

    operador_comp_secTK  desplazar e ir al estado 5


Estado 4

    0 $accept: desc_algoritmoV $end •

    $default  aceptar


Estado 5

    1 desc_algoritmoV: inicio_algoritmoTK identificadorTK operador_comp_secTK • cabecera_algV bloque_algV fin_algoritmoTK puntoTK

    inicio_constTK  desplazar e ir al estado 6
    inicio_tipoTK   desplazar e ir al estado 7

    $default  reduce usando la regla 6 (decl_globalesV)

    cabecera_algV       ir al estado 8
    decl_globalesV      ir al estado 9
    declaracion_tipoV   ir al estado 10
    declaracion_constV  ir al estado 11


Estado 6

   16 declaracion_constV: inicio_constTK • lista_d_cteV fin_constTK operador_comp_secTK

    identificadorConstanteTK  desplazar e ir al estado 12

    lista_d_cteV             ir al estado 13
    declaracionDeConstanteV  ir al estado 14


Estado 7

   15 declaracion_tipoV: inicio_tipoTK • lista_d_tipoV fin_tipoTK operador_comp_secTK

    identificadorTK  desplazar e ir al estado 15

    lista_d_tipoV     ir al estado 16
    declaracionTipoV  ir al estado 17


Estado 8

    1 desc_algoritmoV: inicio_algoritmoTK identificadorTK operador_comp_secTK cabecera_algV • bloque_algV fin_algoritmoTK puntoTK

    inicio_varTK    desplazar e ir al estado 18
    inicio_constTK  desplazar e ir al estado 6
    inicio_tipoTK   desplazar e ir al estado 7

    $default  reduce usando la regla 14 (declaracionesV)

    bloque_algV         ir al estado 19
    bloqueV             ir al estado 20
    declaracionesV      ir al estado 21
    declaracion_tipoV   ir al estado 22
    declaracion_constV  ir al estado 23
    declaracion_varV    ir al estado 24


Estado 9

    2 cabecera_algV: decl_globalesV • decl_a_fV decl_ent_salV comentarioTK

    inicio_accionTK   desplazar e ir al estado 25
    inicio_funcionTK  desplazar e ir al estado 26

    $default  reduce usando la regla 9 (decl_a_fV)

    decl_a_fV   ir al estado 27
    accion_dV   ir al estado 28
    funcion_dV  ir al estado 29


Estado 10

    4 decl_globalesV: declaracion_tipoV • decl_globalesV

    inicio_constTK  desplazar e ir al estado 6
    inicio_tipoTK   desplazar e ir al estado 7

    $default  reduce usando la regla 6 (decl_globalesV)

    decl_globalesV      ir al estado 30
    declaracion_tipoV   ir al estado 10
    declaracion_constV  ir al estado 11


Estado 11

    5 decl_globalesV: declaracion_constV • decl_globalesV

    inicio_constTK  desplazar e ir al estado 6
    inicio_tipoTK   desplazar e ir al estado 7

    $default  reduce usando la regla 6 (decl_globalesV)

    decl_globalesV      ir al estado 31
    declaracion_tipoV   ir al estado 10
    declaracion_constV  ir al estado 11


Estado 12

   34 declaracionDeConstanteV: identificadorConstanteTK • operador_igualTK literal_enteroTK operador_comp_secTK

    operador_igualTK  desplazar e ir al estado 32


Estado 13

   16 declaracion_constV: inicio_constTK lista_d_cteV • fin_constTK operador_comp_secTK
   33 lista_d_cteV: lista_d_cteV • declaracionDeConstanteV

    fin_constTK               desplazar e ir al estado 33
    identificadorConstanteTK  desplazar e ir al estado 12

    declaracionDeConstanteV  ir al estado 34


Estado 14

   32 lista_d_cteV: declaracionDeConstanteV •

    $default  reduce usando la regla 32 (lista_d_cteV)


Estado 15

   20 declaracionTipoV: identificadorTK • operador_igualTK d_tipoV operador_comp_secTK

    operador_igualTK  desplazar e ir al estado 35


Estado 16

   15 declaracion_tipoV: inicio_tipoTK lista_d_tipoV • fin_tipoTK operador_comp_secTK
   19 lista_d_tipoV: lista_d_tipoV • declaracionTipoV

    fin_tipoTK       desplazar e ir al estado 36
    identificadorTK  desplazar e ir al estado 15

    declaracionTipoV  ir al estado 37


Estado 17

   18 lista_d_tipoV: declaracionTipoV •

    $default  reduce usando la regla 18 (lista_d_tipoV)


Estado 18

   17 declaracion_varV: inicio_varTK • lista_d_varV fin_varTK operador_comp_secTK

    identificadorTK  desplazar e ir al estado 38

    lista_d_varV            ir al estado 39
    declaracionDeVariableV  ir al estado 40
    lista_idV               ir al estado 41
    declaracionDeListaIdV   ir al estado 42


Estado 19

    1 desc_algoritmoV: inicio_algoritmoTK identificadorTK operador_comp_secTK cabecera_algV bloque_algV • fin_algoritmoTK puntoTK

    fin_algoritmoTK  desplazar e ir al estado 43


Estado 20

    3 bloque_algV: bloqueV • comentarioTK

    comentarioTK  desplazar e ir al estado 44


Estado 21

   10 bloqueV: declaracionesV • instruccionesV

    continuarTK              desplazar e ir al estado 45
    inicio_siTK              desplazar e ir al estado 46
    inicio_mientrasTK        desplazar e ir al estado 47
    inicio_paraTK            desplazar e ir al estado 48
    identificadorTK          desplazar e ir al estado 49
    identificadorBooleanoTK  desplazar e ir al estado 50

    operando_aV     ir al estado 51
    operando_bV     ir al estado 52
    instruccionesV  ir al estado 53
    instruccionV    ir al estado 54
    asignacion_aV   ir al estado 55
    asignacion_bV   ir al estado 56
    alternativaV    ir al estado 57
    iteracionV      ir al estado 58
    it_cota_expV    ir al estado 59
    it_cota_fijaV   ir al estado 60
    accion_llV      ir al estado 61


Estado 22

   11 declaracionesV: declaracion_tipoV • declaracionesV

    inicio_varTK    desplazar e ir al estado 18
    inicio_constTK  desplazar e ir al estado 6
    inicio_tipoTK   desplazar e ir al estado 7

    $default  reduce usando la regla 14 (declaracionesV)

    declaracionesV      ir al estado 62
    declaracion_tipoV   ir al estado 22
    declaracion_constV  ir al estado 23
    declaracion_varV    ir al estado 24


Estado 23

   12 declaracionesV: declaracion_constV • declaracionesV

    inicio_varTK    desplazar e ir al estado 18
    inicio_constTK  desplazar e ir al estado 6
    inicio_tipoTK   desplazar e ir al estado 7

    $default  reduce usando la regla 14 (declaracionesV)

    declaracionesV      ir al estado 63
    declaracion_tipoV   ir al estado 22
    declaracion_constV  ir al estado 23
    declaracion_varV    ir al estado 24


Estado 24

   13 declaracionesV: declaracion_varV • declaracionesV

    inicio_varTK    desplazar e ir al estado 18
    inicio_constTK  desplazar e ir al estado 6
    inicio_tipoTK   desplazar e ir al estado 7

    $default  reduce usando la regla 14 (declaracionesV)

    declaracionesV      ir al estado 64
    declaracion_tipoV   ir al estado 22
    declaracion_constV  ir al estado 23
    declaracion_varV    ir al estado 24


Estado 25

   98 accion_dV: inicio_accionTK • a_cabeceraV bloqueV fin_accionTK

    identificadorTK  desplazar e ir al estado 65

    a_cabeceraV  ir al estado 66


Estado 26

   99 funcion_dV: inicio_funcionTK • f_cabeceraV bloqueV devTK expresionV fin_funcionTK

    identificadorTK  desplazar e ir al estado 67

    f_cabeceraV  ir al estado 68


Estado 27

    2 cabecera_algV: decl_globalesV decl_a_fV • decl_ent_salV comentarioTK

    tipo_atributo_entTK  desplazar e ir al estado 69
    tipo_atributo_salTK  desplazar e ir al estado 70

    decl_ent_salV  ir al estado 71
    decl_entV      ir al estado 72
    decl_salV      ir al estado 73


Estado 28

    7 decl_a_fV: accion_dV • decl_a_fV

    inicio_accionTK   desplazar e ir al estado 25
    inicio_funcionTK  desplazar e ir al estado 26

    $default  reduce usando la regla 9 (decl_a_fV)

    decl_a_fV   ir al estado 74
    accion_dV   ir al estado 28
    funcion_dV  ir al estado 29


Estado 29

    8 decl_a_fV: funcion_dV • decl_a_fV

    inicio_accionTK   desplazar e ir al estado 25
    inicio_funcionTK  desplazar e ir al estado 26

    $default  reduce usando la regla 9 (decl_a_fV)

    decl_a_fV   ir al estado 75
    accion_dV   ir al estado 28
    funcion_dV  ir al estado 29


Estado 30

    4 decl_globalesV: declaracion_tipoV decl_globalesV •

    $default  reduce usando la regla 4 (decl_globalesV)


Estado 31

    5 decl_globalesV: declaracion_constV decl_globalesV •

    $default  reduce usando la regla 5 (decl_globalesV)


Estado 32

   34 declaracionDeConstanteV: identificadorConstanteTK operador_igualTK • literal_enteroTK operador_comp_secTK

    literal_enteroTK  desplazar e ir al estado 76


Estado 33

   16 declaracion_constV: inicio_constTK lista_d_cteV fin_constTK • operador_comp_secTK

    operador_comp_secTK  desplazar e ir al estado 77


Estado 34

   33 lista_d_cteV: lista_d_cteV declaracionDeConstanteV •

    $default  reduce usando la regla 33 (lista_d_cteV)


Estado 35

   20 declaracionTipoV: identificadorTK operador_igualTK • d_tipoV operador_comp_secTK

    aritmetico_sumaTK        desplazar e ir al estado 78
    aritmetico_restaTK       desplazar e ir al estado 79
    inicio_parentesisTK      desplazar e ir al estado 80
    tipoTK                   desplazar e ir al estado 81
    tipoTablaTK              desplazar e ir al estado 82
    tipoRefTK                desplazar e ir al estado 83
    noTK                     desplazar e ir al estado 84
    inicio_tuplaTK           desplazar e ir al estado 85
    identificadorTK          desplazar e ir al estado 86
    identificadorBooleanoTK  desplazar e ir al estado 50
    literal_booleanoTK       desplazar e ir al estado 87
    literal_enteroTK         desplazar e ir al estado 88
    literal_realTK           desplazar e ir al estado 89
    literal_caracterTK       desplazar e ir al estado 90

    d_tipoV       ir al estado 91
    expresion_tV  ir al estado 92
    exp_aV        ir al estado 93
    exp_bV        ir al estado 94
    expresionV    ir al estado 95
    operando_aV   ir al estado 96
    operando_bV   ir al estado 97
    funcion_llV   ir al estado 98


Estado 36

   15 declaracion_tipoV: inicio_tipoTK lista_d_tipoV fin_tipoTK • operador_comp_secTK

    operador_comp_secTK  desplazar e ir al estado 99


Estado 37

   19 lista_d_tipoV: lista_d_tipoV declaracionTipoV •

    $default  reduce usando la regla 19 (lista_d_tipoV)


Estado 38

   40 declaracionDeListaIdV: identificadorTK •

    $default  reduce usando la regla 40 (declaracionDeListaIdV)


Estado 39

   17 declaracion_varV: inicio_varTK lista_d_varV • fin_varTK operador_comp_secTK
   36 lista_d_varV: lista_d_varV • declaracionDeVariableV

    fin_varTK        desplazar e ir al estado 100
    identificadorTK  desplazar e ir al estado 38

    declaracionDeVariableV  ir al estado 101
    lista_idV               ir al estado 41
    declaracionDeListaIdV   ir al estado 42


Estado 40

   35 lista_d_varV: declaracionDeVariableV •

    $default  reduce usando la regla 35 (lista_d_varV)


Estado 41

   37 declaracionDeVariableV: lista_idV • operador_def_tipoTK d_tipoV operador_comp_secTK
   39 lista_idV: lista_idV • operador_separadorTK declaracionDeListaIdV

    operador_separadorTK  desplazar e ir al estado 102
    operador_def_tipoTK   desplazar e ir al estado 103


Estado 42

   38 lista_idV: declaracionDeListaIdV •

    $default  reduce usando la regla 38 (lista_idV)


Estado 43

    1 desc_algoritmoV: inicio_algoritmoTK identificadorTK operador_comp_secTK cabecera_algV bloque_algV fin_algoritmoTK • puntoTK

    puntoTK  desplazar e ir al estado 104


Estado 44

    3 bloque_algV: bloqueV comentarioTK •

    $default  reduce usando la regla 3 (bloque_algV)


Estado 45

   83 instruccionV: continuarTK •

    $default  reduce usando la regla 83 (instruccionV)


Estado 46

   91 alternativaV: inicio_siTK • expresionV operador_entoncesTK instruccionesV lista_opcionesV fin_siTK

    aritmetico_sumaTK        desplazar e ir al estado 78
    aritmetico_restaTK       desplazar e ir al estado 79
    inicio_parentesisTK      desplazar e ir al estado 80
    noTK                     desplazar e ir al estado 84
    identificadorTK          desplazar e ir al estado 105
    identificadorBooleanoTK  desplazar e ir al estado 50
    literal_booleanoTK       desplazar e ir al estado 87
    literal_enteroTK         desplazar e ir al estado 88
    literal_realTK           desplazar e ir al estado 89

    exp_aV       ir al estado 93
    exp_bV       ir al estado 94
    expresionV   ir al estado 106
    operando_aV  ir al estado 96
    operando_bV  ir al estado 97
    funcion_llV  ir al estado 98


Estado 47

   96 it_cota_expV: inicio_mientrasTK • expresionV hacerTK instruccionesV fin_mientrasTK

    aritmetico_sumaTK        desplazar e ir al estado 78
    aritmetico_restaTK       desplazar e ir al estado 79
    inicio_parentesisTK      desplazar e ir al estado 80
    noTK                     desplazar e ir al estado 84
    identificadorTK          desplazar e ir al estado 105
    identificadorBooleanoTK  desplazar e ir al estado 50
    literal_booleanoTK       desplazar e ir al estado 87
    literal_enteroTK         desplazar e ir al estado 88
    literal_realTK           desplazar e ir al estado 89

    exp_aV       ir al estado 93
    exp_bV       ir al estado 94
    expresionV   ir al estado 107
    operando_aV  ir al estado 96
    operando_bV  ir al estado 97
    funcion_llV  ir al estado 98


Estado 48

   97 it_cota_fijaV: inicio_paraTK • identificadorTK operador_asignacionTK expresionV hastaTK expresionV hacerTK instruccionesV fin_paraTK

    identificadorTK  desplazar e ir al estado 108


Estado 49

   73 operando_aV: identificadorTK •
  107 accion_llV: identificadorTK • inicio_parentesisTK l_llV fin_parentesisTK

    inicio_parentesisTK  desplazar e ir al estado 109

    $default  reduce usando la regla 73 (operando_aV)


Estado 50

   77 operando_bV: identificadorBooleanoTK •

    $default  reduce usando la regla 77 (operando_bV)


Estado 51

   74 operando_aV: operando_aV • puntoTK operando_aV
   75            | operando_aV • operador_inicio_arrayTK expresionV operador_fin_arrayTK
   76            | operando_aV • tipoTK
   89 asignacion_aV: operando_aV • operador_asignacionTK expresionV

    operador_asignacionTK    desplazar e ir al estado 110
    puntoTK                  desplazar e ir al estado 111
    operador_inicio_arrayTK  desplazar e ir al estado 112
    tipoTK                   desplazar e ir al estado 113


Estado 52

   78 operando_bV: operando_bV • puntoTK operando_bV
   79            | operando_bV • operador_inicio_arrayTK expresionV operador_fin_arrayTK
   80            | operando_bV • tipoTK
   90 asignacion_bV: operando_bV • operador_asignacionTK expresionV

    operador_asignacionTK    desplazar e ir al estado 114
    puntoTK                  desplazar e ir al estado 115
    operador_inicio_arrayTK  desplazar e ir al estado 116
    tipoTK                   desplazar e ir al estado 117


Estado 53

   10 bloqueV: declaracionesV instruccionesV •

    $default  reduce usando la regla 10 (bloqueV)


Estado 54

   81 instruccionesV: instruccionV • operador_comp_secTK instruccionesV
   82               | instruccionV •

    operador_comp_secTK  desplazar e ir al estado 118

    $default  reduce usando la regla 82 (instruccionesV)


Estado 55

   84 instruccionV: asignacion_aV •

    $default  reduce usando la regla 84 (instruccionV)


Estado 56

   85 instruccionV: asignacion_bV •

    $default  reduce usando la regla 85 (instruccionV)


Estado 57

   86 instruccionV: alternativaV •

    $default  reduce usando la regla 86 (instruccionV)


Estado 58

   87 instruccionV: iteracionV •

    $default  reduce usando la regla 87 (instruccionV)


Estado 59

   95 iteracionV: it_cota_expV •

    $default  reduce usando la regla 95 (iteracionV)


Estado 60

   94 iteracionV: it_cota_fijaV •

    $default  reduce usando la regla 94 (iteracionV)


Estado 61

   88 instruccionV: accion_llV •

    $default  reduce usando la regla 88 (instruccionV)


Estado 62

   11 declaracionesV: declaracion_tipoV declaracionesV •

    $default  reduce usando la regla 11 (declaracionesV)


Estado 63

   12 declaracionesV: declaracion_constV declaracionesV •

    $default  reduce usando la regla 12 (declaracionesV)


Estado 64

   13 declaracionesV: declaracion_varV declaracionesV •

    $default  reduce usando la regla 13 (declaracionesV)


Estado 65

  100 a_cabeceraV: identificadorTK • inicio_parentesisTK d_par_formV fin_parentesisTK operador_comp_secTK

    inicio_parentesisTK  desplazar e ir al estado 119


Estado 66

   98 accion_dV: inicio_accionTK a_cabeceraV • bloqueV fin_accionTK

    inicio_varTK    desplazar e ir al estado 18
    inicio_constTK  desplazar e ir al estado 6
    inicio_tipoTK   desplazar e ir al estado 7

    $default  reduce usando la regla 14 (declaracionesV)

    bloqueV             ir al estado 120
    declaracionesV      ir al estado 21
    declaracion_tipoV   ir al estado 22
    declaracion_constV  ir al estado 23
    declaracion_varV    ir al estado 24


Estado 67

  101 f_cabeceraV: identificadorTK • inicio_parentesisTK lista_d_varV fin_parentesisTK devTK d_tipoV operador_comp_secTK

    inicio_parentesisTK  desplazar e ir al estado 121


Estado 68

   99 funcion_dV: inicio_funcionTK f_cabeceraV • bloqueV devTK expresionV fin_funcionTK

    inicio_varTK    desplazar e ir al estado 18
    inicio_constTK  desplazar e ir al estado 6
    inicio_tipoTK   desplazar e ir al estado 7

    $default  reduce usando la regla 14 (declaracionesV)

    bloqueV             ir al estado 122
    declaracionesV      ir al estado 21
    declaracion_tipoV   ir al estado 22
    declaracion_constV  ir al estado 23
    declaracion_varV    ir al estado 24


Estado 69

   44 decl_entV: tipo_atributo_entTK • lista_d_varV

    identificadorTK  desplazar e ir al estado 38

    lista_d_varV            ir al estado 123
    declaracionDeVariableV  ir al estado 40
    lista_idV               ir al estado 41
    declaracionDeListaIdV   ir al estado 42


Estado 70

   45 decl_salV: tipo_atributo_salTK • lista_d_varV

    identificadorTK  desplazar e ir al estado 38

    lista_d_varV            ir al estado 124
    declaracionDeVariableV  ir al estado 40
    lista_idV               ir al estado 41
    declaracionDeListaIdV   ir al estado 42


Estado 71

    2 cabecera_algV: decl_globalesV decl_a_fV decl_ent_salV • comentarioTK

    comentarioTK  desplazar e ir al estado 125


Estado 72

   41 decl_ent_salV: decl_entV •
   42              | decl_entV • decl_salV

    tipo_atributo_salTK  desplazar e ir al estado 70

    $default  reduce usando la regla 41 (decl_ent_salV)

    decl_salV  ir al estado 126


Estado 73

   43 decl_ent_salV: decl_salV •

    $default  reduce usando la regla 43 (decl_ent_salV)


Estado 74

    7 decl_a_fV: accion_dV decl_a_fV •

    $default  reduce usando la regla 7 (decl_a_fV)


Estado 75

    8 decl_a_fV: funcion_dV decl_a_fV •

    $default  reduce usando la regla 8 (decl_a_fV)


Estado 76

   34 declaracionDeConstanteV: identificadorConstanteTK operador_igualTK literal_enteroTK • operador_comp_secTK

    operador_comp_secTK  desplazar e ir al estado 127


Estado 77

   16 declaracion_constV: inicio_constTK lista_d_cteV fin_constTK operador_comp_secTK •

    $default  reduce usando la regla 16 (declaracion_constV)


Estado 78

   57 exp_aV: aritmetico_sumaTK • exp_aV

    aritmetico_sumaTK    desplazar e ir al estado 78
    aritmetico_restaTK   desplazar e ir al estado 79
    inicio_parentesisTK  desplazar e ir al estado 128
    identificadorTK      desplazar e ir al estado 129
    literal_enteroTK     desplazar e ir al estado 88
    literal_realTK       desplazar e ir al estado 89

    exp_aV       ir al estado 130
    operando_aV  ir al estado 96


Estado 79

   56 exp_aV: aritmetico_restaTK • exp_aV

    aritmetico_sumaTK    desplazar e ir al estado 78
    aritmetico_restaTK   desplazar e ir al estado 79
    inicio_parentesisTK  desplazar e ir al estado 128
    identificadorTK      desplazar e ir al estado 129
    literal_enteroTK     desplazar e ir al estado 88
    literal_realTK       desplazar e ir al estado 89

    exp_aV       ir al estado 131
    operando_aV  ir al estado 96


Estado 80

   52 exp_aV: inicio_parentesisTK • exp_aV fin_parentesisTK
   69 exp_bV: inicio_parentesisTK • exp_bV fin_parentesisTK

    aritmetico_sumaTK        desplazar e ir al estado 78
    aritmetico_restaTK       desplazar e ir al estado 79
    inicio_parentesisTK      desplazar e ir al estado 80
    noTK                     desplazar e ir al estado 84
    identificadorTK          desplazar e ir al estado 105
    identificadorBooleanoTK  desplazar e ir al estado 50
    literal_booleanoTK       desplazar e ir al estado 87
    literal_enteroTK         desplazar e ir al estado 88
    literal_realTK           desplazar e ir al estado 89

    exp_aV       ir al estado 132
    exp_bV       ir al estado 133
    expresionV   ir al estado 134
    operando_aV  ir al estado 96
    operando_bV  ir al estado 97
    funcion_llV  ir al estado 98


Estado 81

   26 d_tipoV: tipoTK •

    $default  reduce usando la regla 26 (d_tipoV)


Estado 82

   22 d_tipoV: tipoTablaTK • operador_inicio_arrayTK expresion_tV operador_subrangoTK expresion_tV operador_fin_arrayTK deTK d_tipoV

    operador_inicio_arrayTK  desplazar e ir al estado 135


Estado 83

   25 d_tipoV: tipoRefTK • d_tipoV

    aritmetico_sumaTK        desplazar e ir al estado 78
    aritmetico_restaTK       desplazar e ir al estado 79
    inicio_parentesisTK      desplazar e ir al estado 80
    tipoTK                   desplazar e ir al estado 81
    tipoTablaTK              desplazar e ir al estado 82
    tipoRefTK                desplazar e ir al estado 83
    noTK                     desplazar e ir al estado 84
    inicio_tuplaTK           desplazar e ir al estado 85
    identificadorTK          desplazar e ir al estado 86
    identificadorBooleanoTK  desplazar e ir al estado 50
    literal_booleanoTK       desplazar e ir al estado 87
    literal_enteroTK         desplazar e ir al estado 88
    literal_realTK           desplazar e ir al estado 89
    literal_caracterTK       desplazar e ir al estado 90

    d_tipoV       ir al estado 136
    expresion_tV  ir al estado 92
    exp_aV        ir al estado 93
    exp_bV        ir al estado 94
    expresionV    ir al estado 95
    operando_aV   ir al estado 96
    operando_bV   ir al estado 97
    funcion_llV   ir al estado 98


Estado 84

   60 exp_bV: noTK • exp_bV

    aritmetico_sumaTK        desplazar e ir al estado 78
    aritmetico_restaTK       desplazar e ir al estado 79
    inicio_parentesisTK      desplazar e ir al estado 80
    noTK                     desplazar e ir al estado 84
    identificadorTK          desplazar e ir al estado 105
    identificadorBooleanoTK  desplazar e ir al estado 50
    literal_booleanoTK       desplazar e ir al estado 87
    literal_enteroTK         desplazar e ir al estado 88
    literal_realTK           desplazar e ir al estado 89

    exp_aV       ir al estado 93
    exp_bV       ir al estado 137
    expresionV   ir al estado 134
    operando_aV  ir al estado 96
    operando_bV  ir al estado 97
    funcion_llV  ir al estado 98


Estado 85

   21 d_tipoV: inicio_tuplaTK • lista_camposV fin_tuplaTK

    identificadorTK  desplazar e ir al estado 138

    lista_camposV      ir al estado 139
    declaracionCampoV  ir al estado 140


Estado 86

   23 d_tipoV: identificadorTK •
   73 operando_aV: identificadorTK •
  108 funcion_llV: identificadorTK • inicio_parentesisTK l_llV fin_parentesisTK

    inicio_parentesisTK  desplazar e ir al estado 141

    operador_comp_secTK  reduce usando la regla 23 (d_tipoV)
    $default             reduce usando la regla 73 (operando_aV)


Estado 87

   62 exp_bV: literal_booleanoTK •

    $default  reduce usando la regla 62 (exp_bV)


Estado 88

   54 exp_aV: literal_enteroTK •

    $default  reduce usando la regla 54 (exp_aV)


Estado 89

   55 exp_aV: literal_realTK •

    $default  reduce usando la regla 55 (exp_aV)


Estado 90

   28 expresion_tV: literal_caracterTK •

    $default  reduce usando la regla 28 (expresion_tV)


Estado 91

   20 declaracionTipoV: identificadorTK operador_igualTK d_tipoV • operador_comp_secTK

    operador_comp_secTK  desplazar e ir al estado 142


Estado 92

   24 d_tipoV: expresion_tV • operador_subrangoTK expresion_tV

    operador_subrangoTK  desplazar e ir al estado 143


Estado 93

   46 exp_aV: exp_aV • aritmetico_sumaTK exp_aV
   47       | exp_aV • aritmetico_restaTK exp_aV
   48       | exp_aV • aritmetico_productoTK exp_aV
   49       | exp_aV • aritmetico_divisionTK exp_aV
   50       | exp_aV • aritmetico_divisionRealTK exp_aV
   51       | exp_aV • aritmetico_moduloTK exp_aV
   70 expresionV: exp_aV •

    aritmetico_sumaTK          desplazar e ir al estado 144
    aritmetico_restaTK         desplazar e ir al estado 145
    aritmetico_productoTK      desplazar e ir al estado 146
    aritmetico_divisionTK      desplazar e ir al estado 147
    aritmetico_divisionRealTK  desplazar e ir al estado 148
    aritmetico_moduloTK        desplazar e ir al estado 149

    $default  reduce usando la regla 70 (expresionV)


Estado 94

   58 exp_bV: exp_bV • conjuncionTK exp_bV
   59       | exp_bV • disyuncionTK exp_bV
   71 expresionV: exp_bV •

    conjuncionTK  desplazar e ir al estado 150
    disyuncionTK  desplazar e ir al estado 151

    conjuncionTK  [reduce usando la regla 71 (expresionV)]
    disyuncionTK  [reduce usando la regla 71 (expresionV)]
    $default      reduce usando la regla 71 (expresionV)


Estado 95

   27 expresion_tV: expresionV •
   63 exp_bV: expresionV • relacional_distintoTK expresionV
   64       | expresionV • relacional_menor_igualTK expresionV
   65       | expresionV • relacional_mayor_igualTK expresionV
   66       | expresionV • relacional_menorTK expresionV
   67       | expresionV • relacional_mayorTK expresionV
   68       | expresionV • operador_igualTK expresionV

    operador_igualTK          desplazar e ir al estado 152
    relacional_distintoTK     desplazar e ir al estado 153
    relacional_menor_igualTK  desplazar e ir al estado 154
    relacional_mayor_igualTK  desplazar e ir al estado 155
    relacional_menorTK        desplazar e ir al estado 156
    relacional_mayorTK        desplazar e ir al estado 157

    $default  reduce usando la regla 27 (expresion_tV)


Estado 96

   53 exp_aV: operando_aV •
   74 operando_aV: operando_aV • puntoTK operando_aV
   75            | operando_aV • operador_inicio_arrayTK expresionV operador_fin_arrayTK
   76            | operando_aV • tipoTK

    puntoTK                  desplazar e ir al estado 111
    operador_inicio_arrayTK  desplazar e ir al estado 112
    tipoTK                   desplazar e ir al estado 113

    $default  reduce usando la regla 53 (exp_aV)


Estado 97

   61 exp_bV: operando_bV •
   78 operando_bV: operando_bV • puntoTK operando_bV
   79            | operando_bV • operador_inicio_arrayTK expresionV operador_fin_arrayTK
   80            | operando_bV • tipoTK

    puntoTK                  desplazar e ir al estado 115
    operador_inicio_arrayTK  desplazar e ir al estado 116
    tipoTK                   desplazar e ir al estado 117

    $default  reduce usando la regla 61 (exp_bV)


Estado 98

   72 expresionV: funcion_llV •

    $default  reduce usando la regla 72 (expresionV)


Estado 99

   15 declaracion_tipoV: inicio_tipoTK lista_d_tipoV fin_tipoTK operador_comp_secTK •

    $default  reduce usando la regla 15 (declaracion_tipoV)


Estado 100

   17 declaracion_varV: inicio_varTK lista_d_varV fin_varTK • operador_comp_secTK

    operador_comp_secTK  desplazar e ir al estado 158


Estado 101

   36 lista_d_varV: lista_d_varV declaracionDeVariableV •

    $default  reduce usando la regla 36 (lista_d_varV)


Estado 102

   39 lista_idV: lista_idV operador_separadorTK • declaracionDeListaIdV

    identificadorTK  desplazar e ir al estado 38

    declaracionDeListaIdV  ir al estado 159


Estado 103

   37 declaracionDeVariableV: lista_idV operador_def_tipoTK • d_tipoV operador_comp_secTK

    aritmetico_sumaTK        desplazar e ir al estado 78
    aritmetico_restaTK       desplazar e ir al estado 79
    inicio_parentesisTK      desplazar e ir al estado 80
    tipoTK                   desplazar e ir al estado 81
    tipoTablaTK              desplazar e ir al estado 82
    tipoRefTK                desplazar e ir al estado 83
    noTK                     desplazar e ir al estado 84
    inicio_tuplaTK           desplazar e ir al estado 85
    identificadorTK          desplazar e ir al estado 86
    identificadorBooleanoTK  desplazar e ir al estado 50
    literal_booleanoTK       desplazar e ir al estado 87
    literal_enteroTK         desplazar e ir al estado 88
    literal_realTK           desplazar e ir al estado 89
    literal_caracterTK       desplazar e ir al estado 90

    d_tipoV       ir al estado 160
    expresion_tV  ir al estado 92
    exp_aV        ir al estado 93
    exp_bV        ir al estado 94
    expresionV    ir al estado 95
    operando_aV   ir al estado 96
    operando_bV   ir al estado 97
    funcion_llV   ir al estado 98


Estado 104

    1 desc_algoritmoV: inicio_algoritmoTK identificadorTK operador_comp_secTK cabecera_algV bloque_algV fin_algoritmoTK puntoTK •

    $default  reduce usando la regla 1 (desc_algoritmoV)


Estado 105

   73 operando_aV: identificadorTK •
  108 funcion_llV: identificadorTK • inicio_parentesisTK l_llV fin_parentesisTK

    inicio_parentesisTK  desplazar e ir al estado 141

    $default  reduce usando la regla 73 (operando_aV)


Estado 106

   63 exp_bV: expresionV • relacional_distintoTK expresionV
   64       | expresionV • relacional_menor_igualTK expresionV
   65       | expresionV • relacional_mayor_igualTK expresionV
   66       | expresionV • relacional_menorTK expresionV
   67       | expresionV • relacional_mayorTK expresionV
   68       | expresionV • operador_igualTK expresionV
   91 alternativaV: inicio_siTK expresionV • operador_entoncesTK instruccionesV lista_opcionesV fin_siTK

    operador_entoncesTK       desplazar e ir al estado 161
    operador_igualTK          desplazar e ir al estado 152
    relacional_distintoTK     desplazar e ir al estado 153
    relacional_menor_igualTK  desplazar e ir al estado 154
    relacional_mayor_igualTK  desplazar e ir al estado 155
    relacional_menorTK        desplazar e ir al estado 156
    relacional_mayorTK        desplazar e ir al estado 157


Estado 107

   63 exp_bV: expresionV • relacional_distintoTK expresionV
   64       | expresionV • relacional_menor_igualTK expresionV
   65       | expresionV • relacional_mayor_igualTK expresionV
   66       | expresionV • relacional_menorTK expresionV
   67       | expresionV • relacional_mayorTK expresionV
   68       | expresionV • operador_igualTK expresionV
   96 it_cota_expV: inicio_mientrasTK expresionV • hacerTK instruccionesV fin_mientrasTK

    operador_igualTK          desplazar e ir al estado 152
    relacional_distintoTK     desplazar e ir al estado 153
    relacional_menor_igualTK  desplazar e ir al estado 154
    relacional_mayor_igualTK  desplazar e ir al estado 155
    relacional_menorTK        desplazar e ir al estado 156
    relacional_mayorTK        desplazar e ir al estado 157
    hacerTK                   desplazar e ir al estado 162


Estado 108

   97 it_cota_fijaV: inicio_paraTK identificadorTK • operador_asignacionTK expresionV hastaTK expresionV hacerTK instruccionesV fin_paraTK

    operador_asignacionTK  desplazar e ir al estado 163


Estado 109

  107 accion_llV: identificadorTK inicio_parentesisTK • l_llV fin_parentesisTK

    aritmetico_sumaTK        desplazar e ir al estado 78
    aritmetico_restaTK       desplazar e ir al estado 79
    inicio_parentesisTK      desplazar e ir al estado 80
    noTK                     desplazar e ir al estado 84
    identificadorTK          desplazar e ir al estado 105
    identificadorBooleanoTK  desplazar e ir al estado 50
    literal_booleanoTK       desplazar e ir al estado 87
    literal_enteroTK         desplazar e ir al estado 88
    literal_realTK           desplazar e ir al estado 89

    exp_aV       ir al estado 93
    exp_bV       ir al estado 94
    expresionV   ir al estado 164
    operando_aV  ir al estado 96
    operando_bV  ir al estado 97
    funcion_llV  ir al estado 98
    l_llV        ir al estado 165


Estado 110

   89 asignacion_aV: operando_aV operador_asignacionTK • expresionV

    aritmetico_sumaTK        desplazar e ir al estado 78
    aritmetico_restaTK       desplazar e ir al estado 79
    inicio_parentesisTK      desplazar e ir al estado 80
    noTK                     desplazar e ir al estado 84
    identificadorTK          desplazar e ir al estado 105
    identificadorBooleanoTK  desplazar e ir al estado 50
    literal_booleanoTK       desplazar e ir al estado 87
    literal_enteroTK         desplazar e ir al estado 88
    literal_realTK           desplazar e ir al estado 89

    exp_aV       ir al estado 93
    exp_bV       ir al estado 94
    expresionV   ir al estado 166
    operando_aV  ir al estado 96
    operando_bV  ir al estado 97
    funcion_llV  ir al estado 98


Estado 111

   74 operando_aV: operando_aV puntoTK • operando_aV

    identificadorTK  desplazar e ir al estado 129

    operando_aV  ir al estado 167


Estado 112

   75 operando_aV: operando_aV operador_inicio_arrayTK • expresionV operador_fin_arrayTK

    aritmetico_sumaTK        desplazar e ir al estado 78
    aritmetico_restaTK       desplazar e ir al estado 79
    inicio_parentesisTK      desplazar e ir al estado 80
    noTK                     desplazar e ir al estado 84
    identificadorTK          desplazar e ir al estado 105
    identificadorBooleanoTK  desplazar e ir al estado 50
    literal_booleanoTK       desplazar e ir al estado 87
    literal_enteroTK         desplazar e ir al estado 88
    literal_realTK           desplazar e ir al estado 89

    exp_aV       ir al estado 93
    exp_bV       ir al estado 94
    expresionV   ir al estado 168
    operando_aV  ir al estado 96
    operando_bV  ir al estado 97
    funcion_llV  ir al estado 98


Estado 113

   76 operando_aV: operando_aV tipoTK •

    $default  reduce usando la regla 76 (operando_aV)


Estado 114

   90 asignacion_bV: operando_bV operador_asignacionTK • expresionV

    aritmetico_sumaTK        desplazar e ir al estado 78
    aritmetico_restaTK       desplazar e ir al estado 79
    inicio_parentesisTK      desplazar e ir al estado 80
    noTK                     desplazar e ir al estado 84
    identificadorTK          desplazar e ir al estado 105
    identificadorBooleanoTK  desplazar e ir al estado 50
    literal_booleanoTK       desplazar e ir al estado 87
    literal_enteroTK         desplazar e ir al estado 88
    literal_realTK           desplazar e ir al estado 89

    exp_aV       ir al estado 93
    exp_bV       ir al estado 94
    expresionV   ir al estado 169
    operando_aV  ir al estado 96
    operando_bV  ir al estado 97
    funcion_llV  ir al estado 98


Estado 115

   78 operando_bV: operando_bV puntoTK • operando_bV

    identificadorBooleanoTK  desplazar e ir al estado 50

    operando_bV  ir al estado 170


Estado 116

   79 operando_bV: operando_bV operador_inicio_arrayTK • expresionV operador_fin_arrayTK

    aritmetico_sumaTK        desplazar e ir al estado 78
    aritmetico_restaTK       desplazar e ir al estado 79
    inicio_parentesisTK      desplazar e ir al estado 80
    noTK                     desplazar e ir al estado 84
    identificadorTK          desplazar e ir al estado 105
    identificadorBooleanoTK  desplazar e ir al estado 50
    literal_booleanoTK       desplazar e ir al estado 87
    literal_enteroTK         desplazar e ir al estado 88
    literal_realTK           desplazar e ir al estado 89

    exp_aV       ir al estado 93
    exp_bV       ir al estado 94
    expresionV   ir al estado 171
    operando_aV  ir al estado 96
    operando_bV  ir al estado 97
    funcion_llV  ir al estado 98


Estado 117

   80 operando_bV: operando_bV tipoTK •

    $default  reduce usando la regla 80 (operando_bV)


Estado 118

   81 instruccionesV: instruccionV operador_comp_secTK • instruccionesV

    continuarTK              desplazar e ir al estado 45
    inicio_siTK              desplazar e ir al estado 46
    inicio_mientrasTK        desplazar e ir al estado 47
    inicio_paraTK            desplazar e ir al estado 48
    identificadorTK          desplazar e ir al estado 49
    identificadorBooleanoTK  desplazar e ir al estado 50

    operando_aV     ir al estado 51
    operando_bV     ir al estado 52
    instruccionesV  ir al estado 172
    instruccionV    ir al estado 54
    asignacion_aV   ir al estado 55
    asignacion_bV   ir al estado 56
    alternativaV    ir al estado 57
    iteracionV      ir al estado 58
    it_cota_expV    ir al estado 59
    it_cota_fijaV   ir al estado 60
    accion_llV      ir al estado 61


Estado 119

  100 a_cabeceraV: identificadorTK inicio_parentesisTK • d_par_formV fin_parentesisTK operador_comp_secTK

    tipo_atributo_entTK      desplazar e ir al estado 173
    tipo_atributo_salTK      desplazar e ir al estado 174
    tipo_atributo_ent_salTK  desplazar e ir al estado 175

    $default  reduce usando la regla 103 (d_par_formV)

    d_par_formV  ir al estado 176
    d_p_formV    ir al estado 177


Estado 120

   98 accion_dV: inicio_accionTK a_cabeceraV bloqueV • fin_accionTK

    fin_accionTK  desplazar e ir al estado 178


Estado 121

  101 f_cabeceraV: identificadorTK inicio_parentesisTK • lista_d_varV fin_parentesisTK devTK d_tipoV operador_comp_secTK

    identificadorTK  desplazar e ir al estado 38

    lista_d_varV            ir al estado 179
    declaracionDeVariableV  ir al estado 40
    lista_idV               ir al estado 41
    declaracionDeListaIdV   ir al estado 42


Estado 122

   99 funcion_dV: inicio_funcionTK f_cabeceraV bloqueV • devTK expresionV fin_funcionTK

    devTK  desplazar e ir al estado 180


Estado 123

   36 lista_d_varV: lista_d_varV • declaracionDeVariableV
   44 decl_entV: tipo_atributo_entTK lista_d_varV •

    identificadorTK  desplazar e ir al estado 38

    $default  reduce usando la regla 44 (decl_entV)

    declaracionDeVariableV  ir al estado 101
    lista_idV               ir al estado 41
    declaracionDeListaIdV   ir al estado 42


Estado 124

   36 lista_d_varV: lista_d_varV • declaracionDeVariableV
   45 decl_salV: tipo_atributo_salTK lista_d_varV •

    identificadorTK  desplazar e ir al estado 38

    $default  reduce usando la regla 45 (decl_salV)

    declaracionDeVariableV  ir al estado 101
    lista_idV               ir al estado 41
    declaracionDeListaIdV   ir al estado 42


Estado 125

    2 cabecera_algV: decl_globalesV decl_a_fV decl_ent_salV comentarioTK •

    $default  reduce usando la regla 2 (cabecera_algV)


Estado 126

   42 decl_ent_salV: decl_entV decl_salV •

    $default  reduce usando la regla 42 (decl_ent_salV)


Estado 127

   34 declaracionDeConstanteV: identificadorConstanteTK operador_igualTK literal_enteroTK operador_comp_secTK •

    $default  reduce usando la regla 34 (declaracionDeConstanteV)


Estado 128

   52 exp_aV: inicio_parentesisTK • exp_aV fin_parentesisTK

    aritmetico_sumaTK    desplazar e ir al estado 78
    aritmetico_restaTK   desplazar e ir al estado 79
    inicio_parentesisTK  desplazar e ir al estado 128
    identificadorTK      desplazar e ir al estado 129
    literal_enteroTK     desplazar e ir al estado 88
    literal_realTK       desplazar e ir al estado 89

    exp_aV       ir al estado 181
    operando_aV  ir al estado 96


Estado 129

   73 operando_aV: identificadorTK •

    $default  reduce usando la regla 73 (operando_aV)


Estado 130

   46 exp_aV: exp_aV • aritmetico_sumaTK exp_aV
   47       | exp_aV • aritmetico_restaTK exp_aV
   48       | exp_aV • aritmetico_productoTK exp_aV
   49       | exp_aV • aritmetico_divisionTK exp_aV
   50       | exp_aV • aritmetico_divisionRealTK exp_aV
   51       | exp_aV • aritmetico_moduloTK exp_aV
   57       | aritmetico_sumaTK exp_aV •

    aritmetico_productoTK      desplazar e ir al estado 146
    aritmetico_divisionTK      desplazar e ir al estado 147
    aritmetico_divisionRealTK  desplazar e ir al estado 148
    aritmetico_moduloTK        desplazar e ir al estado 149

    $default  reduce usando la regla 57 (exp_aV)


Estado 131

   46 exp_aV: exp_aV • aritmetico_sumaTK exp_aV
   47       | exp_aV • aritmetico_restaTK exp_aV
   48       | exp_aV • aritmetico_productoTK exp_aV
   49       | exp_aV • aritmetico_divisionTK exp_aV
   50       | exp_aV • aritmetico_divisionRealTK exp_aV
   51       | exp_aV • aritmetico_moduloTK exp_aV
   56       | aritmetico_restaTK exp_aV •

    aritmetico_productoTK      desplazar e ir al estado 146
    aritmetico_divisionTK      desplazar e ir al estado 147
    aritmetico_divisionRealTK  desplazar e ir al estado 148
    aritmetico_moduloTK        desplazar e ir al estado 149

    $default  reduce usando la regla 56 (exp_aV)


Estado 132

   46 exp_aV: exp_aV • aritmetico_sumaTK exp_aV
   47       | exp_aV • aritmetico_restaTK exp_aV
   48       | exp_aV • aritmetico_productoTK exp_aV
   49       | exp_aV • aritmetico_divisionTK exp_aV
   50       | exp_aV • aritmetico_divisionRealTK exp_aV
   51       | exp_aV • aritmetico_moduloTK exp_aV
   52       | inicio_parentesisTK exp_aV • fin_parentesisTK
   70 expresionV: exp_aV •

    aritmetico_sumaTK          desplazar e ir al estado 144
    aritmetico_restaTK         desplazar e ir al estado 145
    aritmetico_productoTK      desplazar e ir al estado 146
    aritmetico_divisionTK      desplazar e ir al estado 147
    fin_parentesisTK           desplazar e ir al estado 182
    aritmetico_divisionRealTK  desplazar e ir al estado 148
    aritmetico_moduloTK        desplazar e ir al estado 149

    $default  reduce usando la regla 70 (expresionV)


Estado 133

   58 exp_bV: exp_bV • conjuncionTK exp_bV
   59       | exp_bV • disyuncionTK exp_bV
   69       | inicio_parentesisTK exp_bV • fin_parentesisTK
   71 expresionV: exp_bV •

    fin_parentesisTK  desplazar e ir al estado 183
    conjuncionTK      desplazar e ir al estado 150
    disyuncionTK      desplazar e ir al estado 151

    $default  reduce usando la regla 71 (expresionV)


Estado 134

   63 exp_bV: expresionV • relacional_distintoTK expresionV
   64       | expresionV • relacional_menor_igualTK expresionV
   65       | expresionV • relacional_mayor_igualTK expresionV
   66       | expresionV • relacional_menorTK expresionV
   67       | expresionV • relacional_mayorTK expresionV
   68       | expresionV • operador_igualTK expresionV

    operador_igualTK          desplazar e ir al estado 152
    relacional_distintoTK     desplazar e ir al estado 153
    relacional_menor_igualTK  desplazar e ir al estado 154
    relacional_mayor_igualTK  desplazar e ir al estado 155
    relacional_menorTK        desplazar e ir al estado 156
    relacional_mayorTK        desplazar e ir al estado 157


Estado 135

   22 d_tipoV: tipoTablaTK operador_inicio_arrayTK • expresion_tV operador_subrangoTK expresion_tV operador_fin_arrayTK deTK d_tipoV

    aritmetico_sumaTK        desplazar e ir al estado 78
    aritmetico_restaTK       desplazar e ir al estado 79
    inicio_parentesisTK      desplazar e ir al estado 80
    noTK                     desplazar e ir al estado 84
    identificadorTK          desplazar e ir al estado 105
    identificadorBooleanoTK  desplazar e ir al estado 50
    literal_booleanoTK       desplazar e ir al estado 87
    literal_enteroTK         desplazar e ir al estado 88
    literal_realTK           desplazar e ir al estado 89
    literal_caracterTK       desplazar e ir al estado 90

    expresion_tV  ir al estado 184
    exp_aV        ir al estado 93
    exp_bV        ir al estado 94
    expresionV    ir al estado 95
    operando_aV   ir al estado 96
    operando_bV   ir al estado 97
    funcion_llV   ir al estado 98


Estado 136

   25 d_tipoV: tipoRefTK d_tipoV •

    $default  reduce usando la regla 25 (d_tipoV)


Estado 137

   58 exp_bV: exp_bV • conjuncionTK exp_bV
   59       | exp_bV • disyuncionTK exp_bV
   60       | noTK exp_bV •
   71 expresionV: exp_bV •

    operador_igualTK          reduce usando la regla 60 (exp_bV)
    operador_igualTK          [reduce usando la regla 71 (expresionV)]
    relacional_distintoTK     reduce usando la regla 60 (exp_bV)
    relacional_distintoTK     [reduce usando la regla 71 (expresionV)]
    relacional_menor_igualTK  reduce usando la regla 60 (exp_bV)
    relacional_menor_igualTK  [reduce usando la regla 71 (expresionV)]
    relacional_mayor_igualTK  reduce usando la regla 60 (exp_bV)
    relacional_mayor_igualTK  [reduce usando la regla 71 (expresionV)]
    relacional_menorTK        reduce usando la regla 60 (exp_bV)
    relacional_menorTK        [reduce usando la regla 71 (expresionV)]
    relacional_mayorTK        reduce usando la regla 60 (exp_bV)
    relacional_mayorTK        [reduce usando la regla 71 (expresionV)]
    $default                  reduce usando la regla 60 (exp_bV)


Estado 138

   31 declaracionCampoV: identificadorTK • operador_def_tipoTK d_tipoV operador_comp_secTK

    operador_def_tipoTK  desplazar e ir al estado 185


Estado 139

   21 d_tipoV: inicio_tuplaTK lista_camposV • fin_tuplaTK
   30 lista_camposV: lista_camposV • declaracionCampoV

    fin_tuplaTK      desplazar e ir al estado 186
    identificadorTK  desplazar e ir al estado 138

    declaracionCampoV  ir al estado 187


Estado 140

   29 lista_camposV: declaracionCampoV •

    $default  reduce usando la regla 29 (lista_camposV)


Estado 141

  108 funcion_llV: identificadorTK inicio_parentesisTK • l_llV fin_parentesisTK

    aritmetico_sumaTK        desplazar e ir al estado 78
    aritmetico_restaTK       desplazar e ir al estado 79
    inicio_parentesisTK      desplazar e ir al estado 80
    noTK                     desplazar e ir al estado 84
    identificadorTK          desplazar e ir al estado 105
    identificadorBooleanoTK  desplazar e ir al estado 50
    literal_booleanoTK       desplazar e ir al estado 87
    literal_enteroTK         desplazar e ir al estado 88
    literal_realTK           desplazar e ir al estado 89

    exp_aV       ir al estado 93
    exp_bV       ir al estado 94
    expresionV   ir al estado 164
    operando_aV  ir al estado 96
    operando_bV  ir al estado 97
    funcion_llV  ir al estado 98
    l_llV        ir al estado 188


Estado 142

   20 declaracionTipoV: identificadorTK operador_igualTK d_tipoV operador_comp_secTK •

    $default  reduce usando la regla 20 (declaracionTipoV)


Estado 143

   24 d_tipoV: expresion_tV operador_subrangoTK • expresion_tV

    aritmetico_sumaTK        desplazar e ir al estado 78
    aritmetico_restaTK       desplazar e ir al estado 79
    inicio_parentesisTK      desplazar e ir al estado 80
    noTK                     desplazar e ir al estado 84
    identificadorTK          desplazar e ir al estado 105
    identificadorBooleanoTK  desplazar e ir al estado 50
    literal_booleanoTK       desplazar e ir al estado 87
    literal_enteroTK         desplazar e ir al estado 88
    literal_realTK           desplazar e ir al estado 89
    literal_caracterTK       desplazar e ir al estado 90

    expresion_tV  ir al estado 189
    exp_aV        ir al estado 93
    exp_bV        ir al estado 94
    expresionV    ir al estado 95
    operando_aV   ir al estado 96
    operando_bV   ir al estado 97
    funcion_llV   ir al estado 98


Estado 144

   46 exp_aV: exp_aV aritmetico_sumaTK • exp_aV

    aritmetico_sumaTK    desplazar e ir al estado 78
    aritmetico_restaTK   desplazar e ir al estado 79
    inicio_parentesisTK  desplazar e ir al estado 128
    identificadorTK      desplazar e ir al estado 129
    literal_enteroTK     desplazar e ir al estado 88
    literal_realTK       desplazar e ir al estado 89

    exp_aV       ir al estado 190
    operando_aV  ir al estado 96


Estado 145

   47 exp_aV: exp_aV aritmetico_restaTK • exp_aV

    aritmetico_sumaTK    desplazar e ir al estado 78
    aritmetico_restaTK   desplazar e ir al estado 79
    inicio_parentesisTK  desplazar e ir al estado 128
    identificadorTK      desplazar e ir al estado 129
    literal_enteroTK     desplazar e ir al estado 88
    literal_realTK       desplazar e ir al estado 89

    exp_aV       ir al estado 191
    operando_aV  ir al estado 96


Estado 146

   48 exp_aV: exp_aV aritmetico_productoTK • exp_aV

    aritmetico_sumaTK    desplazar e ir al estado 78
    aritmetico_restaTK   desplazar e ir al estado 79
    inicio_parentesisTK  desplazar e ir al estado 128
    identificadorTK      desplazar e ir al estado 129
    literal_enteroTK     desplazar e ir al estado 88
    literal_realTK       desplazar e ir al estado 89

    exp_aV       ir al estado 192
    operando_aV  ir al estado 96


Estado 147

   49 exp_aV: exp_aV aritmetico_divisionTK • exp_aV

    aritmetico_sumaTK    desplazar e ir al estado 78
    aritmetico_restaTK   desplazar e ir al estado 79
    inicio_parentesisTK  desplazar e ir al estado 128
    identificadorTK      desplazar e ir al estado 129
    literal_enteroTK     desplazar e ir al estado 88
    literal_realTK       desplazar e ir al estado 89

    exp_aV       ir al estado 193
    operando_aV  ir al estado 96


Estado 148

   50 exp_aV: exp_aV aritmetico_divisionRealTK • exp_aV

    aritmetico_sumaTK    desplazar e ir al estado 78
    aritmetico_restaTK   desplazar e ir al estado 79
    inicio_parentesisTK  desplazar e ir al estado 128
    identificadorTK      desplazar e ir al estado 129
    literal_enteroTK     desplazar e ir al estado 88
    literal_realTK       desplazar e ir al estado 89

    exp_aV       ir al estado 194
    operando_aV  ir al estado 96


Estado 149

   51 exp_aV: exp_aV aritmetico_moduloTK • exp_aV

    aritmetico_sumaTK    desplazar e ir al estado 78
    aritmetico_restaTK   desplazar e ir al estado 79
    inicio_parentesisTK  desplazar e ir al estado 128
    identificadorTK      desplazar e ir al estado 129
    literal_enteroTK     desplazar e ir al estado 88
    literal_realTK       desplazar e ir al estado 89

    exp_aV       ir al estado 195
    operando_aV  ir al estado 96


Estado 150

   58 exp_bV: exp_bV conjuncionTK • exp_bV

    aritmetico_sumaTK        desplazar e ir al estado 78
    aritmetico_restaTK       desplazar e ir al estado 79
    inicio_parentesisTK      desplazar e ir al estado 80
    noTK                     desplazar e ir al estado 84
    identificadorTK          desplazar e ir al estado 105
    identificadorBooleanoTK  desplazar e ir al estado 50
    literal_booleanoTK       desplazar e ir al estado 87
    literal_enteroTK         desplazar e ir al estado 88
    literal_realTK           desplazar e ir al estado 89

    exp_aV       ir al estado 93
    exp_bV       ir al estado 196
    expresionV   ir al estado 134
    operando_aV  ir al estado 96
    operando_bV  ir al estado 97
    funcion_llV  ir al estado 98


Estado 151

   59 exp_bV: exp_bV disyuncionTK • exp_bV

    aritmetico_sumaTK        desplazar e ir al estado 78
    aritmetico_restaTK       desplazar e ir al estado 79
    inicio_parentesisTK      desplazar e ir al estado 80
    noTK                     desplazar e ir al estado 84
    identificadorTK          desplazar e ir al estado 105
    identificadorBooleanoTK  desplazar e ir al estado 50
    literal_booleanoTK       desplazar e ir al estado 87
    literal_enteroTK         desplazar e ir al estado 88
    literal_realTK           desplazar e ir al estado 89

    exp_aV       ir al estado 93
    exp_bV       ir al estado 197
    expresionV   ir al estado 134
    operando_aV  ir al estado 96
    operando_bV  ir al estado 97
    funcion_llV  ir al estado 98


Estado 152

   68 exp_bV: expresionV operador_igualTK • expresionV

    aritmetico_sumaTK        desplazar e ir al estado 78
    aritmetico_restaTK       desplazar e ir al estado 79
    inicio_parentesisTK      desplazar e ir al estado 80
    noTK                     desplazar e ir al estado 84
    identificadorTK          desplazar e ir al estado 105
    identificadorBooleanoTK  desplazar e ir al estado 50
    literal_booleanoTK       desplazar e ir al estado 87
    literal_enteroTK         desplazar e ir al estado 88
    literal_realTK           desplazar e ir al estado 89

    exp_aV       ir al estado 93
    exp_bV       ir al estado 94
    expresionV   ir al estado 198
    operando_aV  ir al estado 96
    operando_bV  ir al estado 97
    funcion_llV  ir al estado 98


Estado 153

   63 exp_bV: expresionV relacional_distintoTK • expresionV

    aritmetico_sumaTK        desplazar e ir al estado 78
    aritmetico_restaTK       desplazar e ir al estado 79
    inicio_parentesisTK      desplazar e ir al estado 80
    noTK                     desplazar e ir al estado 84
    identificadorTK          desplazar e ir al estado 105
    identificadorBooleanoTK  desplazar e ir al estado 50
    literal_booleanoTK       desplazar e ir al estado 87
    literal_enteroTK         desplazar e ir al estado 88
    literal_realTK           desplazar e ir al estado 89

    exp_aV       ir al estado 93
    exp_bV       ir al estado 94
    expresionV   ir al estado 199
    operando_aV  ir al estado 96
    operando_bV  ir al estado 97
    funcion_llV  ir al estado 98


Estado 154

   64 exp_bV: expresionV relacional_menor_igualTK • expresionV

    aritmetico_sumaTK        desplazar e ir al estado 78
    aritmetico_restaTK       desplazar e ir al estado 79
    inicio_parentesisTK      desplazar e ir al estado 80
    noTK                     desplazar e ir al estado 84
    identificadorTK          desplazar e ir al estado 105
    identificadorBooleanoTK  desplazar e ir al estado 50
    literal_booleanoTK       desplazar e ir al estado 87
    literal_enteroTK         desplazar e ir al estado 88
    literal_realTK           desplazar e ir al estado 89

    exp_aV       ir al estado 93
    exp_bV       ir al estado 94
    expresionV   ir al estado 200
    operando_aV  ir al estado 96
    operando_bV  ir al estado 97
    funcion_llV  ir al estado 98


Estado 155

   65 exp_bV: expresionV relacional_mayor_igualTK • expresionV

    aritmetico_sumaTK        desplazar e ir al estado 78
    aritmetico_restaTK       desplazar e ir al estado 79
    inicio_parentesisTK      desplazar e ir al estado 80
    noTK                     desplazar e ir al estado 84
    identificadorTK          desplazar e ir al estado 105
    identificadorBooleanoTK  desplazar e ir al estado 50
    literal_booleanoTK       desplazar e ir al estado 87
    literal_enteroTK         desplazar e ir al estado 88
    literal_realTK           desplazar e ir al estado 89

    exp_aV       ir al estado 93
    exp_bV       ir al estado 94
    expresionV   ir al estado 201
    operando_aV  ir al estado 96
    operando_bV  ir al estado 97
    funcion_llV  ir al estado 98


Estado 156

   66 exp_bV: expresionV relacional_menorTK • expresionV

    aritmetico_sumaTK        desplazar e ir al estado 78
    aritmetico_restaTK       desplazar e ir al estado 79
    inicio_parentesisTK      desplazar e ir al estado 80
    noTK                     desplazar e ir al estado 84
    identificadorTK          desplazar e ir al estado 105
    identificadorBooleanoTK  desplazar e ir al estado 50
    literal_booleanoTK       desplazar e ir al estado 87
    literal_enteroTK         desplazar e ir al estado 88
    literal_realTK           desplazar e ir al estado 89

    exp_aV       ir al estado 93
    exp_bV       ir al estado 94
    expresionV   ir al estado 202
    operando_aV  ir al estado 96
    operando_bV  ir al estado 97
    funcion_llV  ir al estado 98


Estado 157

   67 exp_bV: expresionV relacional_mayorTK • expresionV

    aritmetico_sumaTK        desplazar e ir al estado 78
    aritmetico_restaTK       desplazar e ir al estado 79
    inicio_parentesisTK      desplazar e ir al estado 80
    noTK                     desplazar e ir al estado 84
    identificadorTK          desplazar e ir al estado 105
    identificadorBooleanoTK  desplazar e ir al estado 50
    literal_booleanoTK       desplazar e ir al estado 87
    literal_enteroTK         desplazar e ir al estado 88
    literal_realTK           desplazar e ir al estado 89

    exp_aV       ir al estado 93
    exp_bV       ir al estado 94
    expresionV   ir al estado 203
    operando_aV  ir al estado 96
    operando_bV  ir al estado 97
    funcion_llV  ir al estado 98


Estado 158

   17 declaracion_varV: inicio_varTK lista_d_varV fin_varTK operador_comp_secTK •

    $default  reduce usando la regla 17 (declaracion_varV)


Estado 159

   39 lista_idV: lista_idV operador_separadorTK declaracionDeListaIdV •

    $default  reduce usando la regla 39 (lista_idV)


Estado 160

   37 declaracionDeVariableV: lista_idV operador_def_tipoTK d_tipoV • operador_comp_secTK

    operador_comp_secTK  desplazar e ir al estado 204


Estado 161

   91 alternativaV: inicio_siTK expresionV operador_entoncesTK • instruccionesV lista_opcionesV fin_siTK

    continuarTK              desplazar e ir al estado 45
    inicio_siTK              desplazar e ir al estado 46
    inicio_mientrasTK        desplazar e ir al estado 47
    inicio_paraTK            desplazar e ir al estado 48
    identificadorTK          desplazar e ir al estado 49
    identificadorBooleanoTK  desplazar e ir al estado 50

    operando_aV     ir al estado 51
    operando_bV     ir al estado 52
    instruccionesV  ir al estado 205
    instruccionV    ir al estado 54
    asignacion_aV   ir al estado 55
    asignacion_bV   ir al estado 56
    alternativaV    ir al estado 57
    iteracionV      ir al estado 58
    it_cota_expV    ir al estado 59
    it_cota_fijaV   ir al estado 60
    accion_llV      ir al estado 61


Estado 162

   96 it_cota_expV: inicio_mientrasTK expresionV hacerTK • instruccionesV fin_mientrasTK

    continuarTK              desplazar e ir al estado 45
    inicio_siTK              desplazar e ir al estado 46
    inicio_mientrasTK        desplazar e ir al estado 47
    inicio_paraTK            desplazar e ir al estado 48
    identificadorTK          desplazar e ir al estado 49
    identificadorBooleanoTK  desplazar e ir al estado 50

    operando_aV     ir al estado 51
    operando_bV     ir al estado 52
    instruccionesV  ir al estado 206
    instruccionV    ir al estado 54
    asignacion_aV   ir al estado 55
    asignacion_bV   ir al estado 56
    alternativaV    ir al estado 57
    iteracionV      ir al estado 58
    it_cota_expV    ir al estado 59
    it_cota_fijaV   ir al estado 60
    accion_llV      ir al estado 61


Estado 163

   97 it_cota_fijaV: inicio_paraTK identificadorTK operador_asignacionTK • expresionV hastaTK expresionV hacerTK instruccionesV fin_paraTK

    aritmetico_sumaTK        desplazar e ir al estado 78
    aritmetico_restaTK       desplazar e ir al estado 79
    inicio_parentesisTK      desplazar e ir al estado 80
    noTK                     desplazar e ir al estado 84
    identificadorTK          desplazar e ir al estado 105
    identificadorBooleanoTK  desplazar e ir al estado 50
    literal_booleanoTK       desplazar e ir al estado 87
    literal_enteroTK         desplazar e ir al estado 88
    literal_realTK           desplazar e ir al estado 89

    exp_aV       ir al estado 93
    exp_bV       ir al estado 94
    expresionV   ir al estado 207
    operando_aV  ir al estado 96
    operando_bV  ir al estado 97
    funcion_llV  ir al estado 98


Estado 164

   63 exp_bV: expresionV • relacional_distintoTK expresionV
   64       | expresionV • relacional_menor_igualTK expresionV
   65       | expresionV • relacional_mayor_igualTK expresionV
   66       | expresionV • relacional_menorTK expresionV
   67       | expresionV • relacional_mayorTK expresionV
   68       | expresionV • operador_igualTK expresionV
  109 l_llV: expresionV • operador_separadorTK l_llV
  110      | expresionV •

    operador_separadorTK      desplazar e ir al estado 208
    operador_igualTK          desplazar e ir al estado 152
    relacional_distintoTK     desplazar e ir al estado 153
    relacional_menor_igualTK  desplazar e ir al estado 154
    relacional_mayor_igualTK  desplazar e ir al estado 155
    relacional_menorTK        desplazar e ir al estado 156
    relacional_mayorTK        desplazar e ir al estado 157

    $default  reduce usando la regla 110 (l_llV)


Estado 165

  107 accion_llV: identificadorTK inicio_parentesisTK l_llV • fin_parentesisTK

    fin_parentesisTK  desplazar e ir al estado 209


Estado 166

   63 exp_bV: expresionV • relacional_distintoTK expresionV
   64       | expresionV • relacional_menor_igualTK expresionV
   65       | expresionV • relacional_mayor_igualTK expresionV
   66       | expresionV • relacional_menorTK expresionV
   67       | expresionV • relacional_mayorTK expresionV
   68       | expresionV • operador_igualTK expresionV
   89 asignacion_aV: operando_aV operador_asignacionTK expresionV •

    operador_igualTK          desplazar e ir al estado 152
    relacional_distintoTK     desplazar e ir al estado 153
    relacional_menor_igualTK  desplazar e ir al estado 154
    relacional_mayor_igualTK  desplazar e ir al estado 155
    relacional_menorTK        desplazar e ir al estado 156
    relacional_mayorTK        desplazar e ir al estado 157

    $default  reduce usando la regla 89 (asignacion_aV)


Estado 167

   74 operando_aV: operando_aV • puntoTK operando_aV
   74            | operando_aV puntoTK operando_aV •
   75            | operando_aV • operador_inicio_arrayTK expresionV operador_fin_arrayTK
   76            | operando_aV • tipoTK

    $default  reduce usando la regla 74 (operando_aV)


Estado 168

   63 exp_bV: expresionV • relacional_distintoTK expresionV
   64       | expresionV • relacional_menor_igualTK expresionV
   65       | expresionV • relacional_mayor_igualTK expresionV
   66       | expresionV • relacional_menorTK expresionV
   67       | expresionV • relacional_mayorTK expresionV
   68       | expresionV • operador_igualTK expresionV
   75 operando_aV: operando_aV operador_inicio_arrayTK expresionV • operador_fin_arrayTK

    operador_igualTK          desplazar e ir al estado 152
    operador_fin_arrayTK      desplazar e ir al estado 210
    relacional_distintoTK     desplazar e ir al estado 153
    relacional_menor_igualTK  desplazar e ir al estado 154
    relacional_mayor_igualTK  desplazar e ir al estado 155
    relacional_menorTK        desplazar e ir al estado 156
    relacional_mayorTK        desplazar e ir al estado 157


Estado 169

   63 exp_bV: expresionV • relacional_distintoTK expresionV
   64       | expresionV • relacional_menor_igualTK expresionV
   65       | expresionV • relacional_mayor_igualTK expresionV
   66       | expresionV • relacional_menorTK expresionV
   67       | expresionV • relacional_mayorTK expresionV
   68       | expresionV • operador_igualTK expresionV
   90 asignacion_bV: operando_bV operador_asignacionTK expresionV •

    operador_igualTK          desplazar e ir al estado 152
    relacional_distintoTK     desplazar e ir al estado 153
    relacional_menor_igualTK  desplazar e ir al estado 154
    relacional_mayor_igualTK  desplazar e ir al estado 155
    relacional_menorTK        desplazar e ir al estado 156
    relacional_mayorTK        desplazar e ir al estado 157

    $default  reduce usando la regla 90 (asignacion_bV)


Estado 170

   78 operando_bV: operando_bV • puntoTK operando_bV
   78            | operando_bV puntoTK operando_bV •
   79            | operando_bV • operador_inicio_arrayTK expresionV operador_fin_arrayTK
   80            | operando_bV • tipoTK

    $default  reduce usando la regla 78 (operando_bV)


Estado 171

   63 exp_bV: expresionV • relacional_distintoTK expresionV
   64       | expresionV • relacional_menor_igualTK expresionV
   65       | expresionV • relacional_mayor_igualTK expresionV
   66       | expresionV • relacional_menorTK expresionV
   67       | expresionV • relacional_mayorTK expresionV
   68       | expresionV • operador_igualTK expresionV
   79 operando_bV: operando_bV operador_inicio_arrayTK expresionV • operador_fin_arrayTK

    operador_igualTK          desplazar e ir al estado 152
    operador_fin_arrayTK      desplazar e ir al estado 211
    relacional_distintoTK     desplazar e ir al estado 153
    relacional_menor_igualTK  desplazar e ir al estado 154
    relacional_mayor_igualTK  desplazar e ir al estado 155
    relacional_menorTK        desplazar e ir al estado 156
    relacional_mayorTK        desplazar e ir al estado 157


Estado 172

   81 instruccionesV: instruccionV operador_comp_secTK instruccionesV •

    $default  reduce usando la regla 81 (instruccionesV)


Estado 173

  104 d_p_formV: tipo_atributo_entTK • lista_idV operador_def_tipoTK d_tipoV

    identificadorTK  desplazar e ir al estado 38

    lista_idV              ir al estado 212
    declaracionDeListaIdV  ir al estado 42


Estado 174

  105 d_p_formV: tipo_atributo_salTK • lista_idV operador_def_tipoTK d_tipoV

    identificadorTK  desplazar e ir al estado 38

    lista_idV              ir al estado 213
    declaracionDeListaIdV  ir al estado 42


Estado 175

  106 d_p_formV: tipo_atributo_ent_salTK • lista_idV operador_def_tipoTK d_tipoV

    identificadorTK  desplazar e ir al estado 38

    lista_idV              ir al estado 214
    declaracionDeListaIdV  ir al estado 42


Estado 176

  100 a_cabeceraV: identificadorTK inicio_parentesisTK d_par_formV • fin_parentesisTK operador_comp_secTK

    fin_parentesisTK  desplazar e ir al estado 215


Estado 177

  102 d_par_formV: d_p_formV • operador_comp_secTK d_par_formV

    operador_comp_secTK  desplazar e ir al estado 216


Estado 178

   98 accion_dV: inicio_accionTK a_cabeceraV bloqueV fin_accionTK •

    $default  reduce usando la regla 98 (accion_dV)


Estado 179

   36 lista_d_varV: lista_d_varV • declaracionDeVariableV
  101 f_cabeceraV: identificadorTK inicio_parentesisTK lista_d_varV • fin_parentesisTK devTK d_tipoV operador_comp_secTK

    fin_parentesisTK  desplazar e ir al estado 217
    identificadorTK   desplazar e ir al estado 38

    declaracionDeVariableV  ir al estado 101
    lista_idV               ir al estado 41
    declaracionDeListaIdV   ir al estado 42


Estado 180

   99 funcion_dV: inicio_funcionTK f_cabeceraV bloqueV devTK • expresionV fin_funcionTK

    aritmetico_sumaTK        desplazar e ir al estado 78
    aritmetico_restaTK       desplazar e ir al estado 79
    inicio_parentesisTK      desplazar e ir al estado 80
    noTK                     desplazar e ir al estado 84
    identificadorTK          desplazar e ir al estado 105
    identificadorBooleanoTK  desplazar e ir al estado 50
    literal_booleanoTK       desplazar e ir al estado 87
    literal_enteroTK         desplazar e ir al estado 88
    literal_realTK           desplazar e ir al estado 89

    exp_aV       ir al estado 93
    exp_bV       ir al estado 94
    expresionV   ir al estado 218
    operando_aV  ir al estado 96
    operando_bV  ir al estado 97
    funcion_llV  ir al estado 98


Estado 181

   46 exp_aV: exp_aV • aritmetico_sumaTK exp_aV
   47       | exp_aV • aritmetico_restaTK exp_aV
   48       | exp_aV • aritmetico_productoTK exp_aV
   49       | exp_aV • aritmetico_divisionTK exp_aV
   50       | exp_aV • aritmetico_divisionRealTK exp_aV
   51       | exp_aV • aritmetico_moduloTK exp_aV
   52       | inicio_parentesisTK exp_aV • fin_parentesisTK

    aritmetico_sumaTK          desplazar e ir al estado 144
    aritmetico_restaTK         desplazar e ir al estado 145
    aritmetico_productoTK      desplazar e ir al estado 146
    aritmetico_divisionTK      desplazar e ir al estado 147
    fin_parentesisTK           desplazar e ir al estado 182
    aritmetico_divisionRealTK  desplazar e ir al estado 148
    aritmetico_moduloTK        desplazar e ir al estado 149


Estado 182

   52 exp_aV: inicio_parentesisTK exp_aV fin_parentesisTK •

    $default  reduce usando la regla 52 (exp_aV)


Estado 183

   69 exp_bV: inicio_parentesisTK exp_bV fin_parentesisTK •

    $default  reduce usando la regla 69 (exp_bV)


Estado 184

   22 d_tipoV: tipoTablaTK operador_inicio_arrayTK expresion_tV • operador_subrangoTK expresion_tV operador_fin_arrayTK deTK d_tipoV

    operador_subrangoTK  desplazar e ir al estado 219


Estado 185

   31 declaracionCampoV: identificadorTK operador_def_tipoTK • d_tipoV operador_comp_secTK

    aritmetico_sumaTK        desplazar e ir al estado 78
    aritmetico_restaTK       desplazar e ir al estado 79
    inicio_parentesisTK      desplazar e ir al estado 80
    tipoTK                   desplazar e ir al estado 81
    tipoTablaTK              desplazar e ir al estado 82
    tipoRefTK                desplazar e ir al estado 83
    noTK                     desplazar e ir al estado 84
    inicio_tuplaTK           desplazar e ir al estado 85
    identificadorTK          desplazar e ir al estado 86
    identificadorBooleanoTK  desplazar e ir al estado 50
    literal_booleanoTK       desplazar e ir al estado 87
    literal_enteroTK         desplazar e ir al estado 88
    literal_realTK           desplazar e ir al estado 89
    literal_caracterTK       desplazar e ir al estado 90

    d_tipoV       ir al estado 220
    expresion_tV  ir al estado 92
    exp_aV        ir al estado 93
    exp_bV        ir al estado 94
    expresionV    ir al estado 95
    operando_aV   ir al estado 96
    operando_bV   ir al estado 97
    funcion_llV   ir al estado 98


Estado 186

   21 d_tipoV: inicio_tuplaTK lista_camposV fin_tuplaTK •

    $default  reduce usando la regla 21 (d_tipoV)


Estado 187

   30 lista_camposV: lista_camposV declaracionCampoV •

    $default  reduce usando la regla 30 (lista_camposV)


Estado 188

  108 funcion_llV: identificadorTK inicio_parentesisTK l_llV • fin_parentesisTK

    fin_parentesisTK  desplazar e ir al estado 221


Estado 189

   24 d_tipoV: expresion_tV operador_subrangoTK expresion_tV •

    $default  reduce usando la regla 24 (d_tipoV)


Estado 190

   46 exp_aV: exp_aV • aritmetico_sumaTK exp_aV
   46       | exp_aV aritmetico_sumaTK exp_aV •
   47       | exp_aV • aritmetico_restaTK exp_aV
   48       | exp_aV • aritmetico_productoTK exp_aV
   49       | exp_aV • aritmetico_divisionTK exp_aV
   50       | exp_aV • aritmetico_divisionRealTK exp_aV
   51       | exp_aV • aritmetico_moduloTK exp_aV

    aritmetico_productoTK      desplazar e ir al estado 146
    aritmetico_divisionTK      desplazar e ir al estado 147
    aritmetico_divisionRealTK  desplazar e ir al estado 148
    aritmetico_moduloTK        desplazar e ir al estado 149

    $default  reduce usando la regla 46 (exp_aV)


Estado 191

   46 exp_aV: exp_aV • aritmetico_sumaTK exp_aV
   47       | exp_aV • aritmetico_restaTK exp_aV
   47       | exp_aV aritmetico_restaTK exp_aV •
   48       | exp_aV • aritmetico_productoTK exp_aV
   49       | exp_aV • aritmetico_divisionTK exp_aV
   50       | exp_aV • aritmetico_divisionRealTK exp_aV
   51       | exp_aV • aritmetico_moduloTK exp_aV

    aritmetico_productoTK      desplazar e ir al estado 146
    aritmetico_divisionTK      desplazar e ir al estado 147
    aritmetico_divisionRealTK  desplazar e ir al estado 148
    aritmetico_moduloTK        desplazar e ir al estado 149

    $default  reduce usando la regla 47 (exp_aV)


Estado 192

   46 exp_aV: exp_aV • aritmetico_sumaTK exp_aV
   47       | exp_aV • aritmetico_restaTK exp_aV
   48       | exp_aV • aritmetico_productoTK exp_aV
   48       | exp_aV aritmetico_productoTK exp_aV •
   49       | exp_aV • aritmetico_divisionTK exp_aV
   50       | exp_aV • aritmetico_divisionRealTK exp_aV
   51       | exp_aV • aritmetico_moduloTK exp_aV

    aritmetico_divisionRealTK  desplazar e ir al estado 148
    aritmetico_moduloTK        desplazar e ir al estado 149

    $default  reduce usando la regla 48 (exp_aV)


Estado 193

   46 exp_aV: exp_aV • aritmetico_sumaTK exp_aV
   47       | exp_aV • aritmetico_restaTK exp_aV
   48       | exp_aV • aritmetico_productoTK exp_aV
   49       | exp_aV • aritmetico_divisionTK exp_aV
   49       | exp_aV aritmetico_divisionTK exp_aV •
   50       | exp_aV • aritmetico_divisionRealTK exp_aV
   51       | exp_aV • aritmetico_moduloTK exp_aV

    aritmetico_divisionRealTK  desplazar e ir al estado 148
    aritmetico_moduloTK        desplazar e ir al estado 149

    $default  reduce usando la regla 49 (exp_aV)


Estado 194

   46 exp_aV: exp_aV • aritmetico_sumaTK exp_aV
   47       | exp_aV • aritmetico_restaTK exp_aV
   48       | exp_aV • aritmetico_productoTK exp_aV
   49       | exp_aV • aritmetico_divisionTK exp_aV
   50       | exp_aV • aritmetico_divisionRealTK exp_aV
   50       | exp_aV aritmetico_divisionRealTK exp_aV •
   51       | exp_aV • aritmetico_moduloTK exp_aV

    $default  reduce usando la regla 50 (exp_aV)


Estado 195

   46 exp_aV: exp_aV • aritmetico_sumaTK exp_aV
   47       | exp_aV • aritmetico_restaTK exp_aV
   48       | exp_aV • aritmetico_productoTK exp_aV
   49       | exp_aV • aritmetico_divisionTK exp_aV
   50       | exp_aV • aritmetico_divisionRealTK exp_aV
   51       | exp_aV • aritmetico_moduloTK exp_aV
   51       | exp_aV aritmetico_moduloTK exp_aV •

    $default  reduce usando la regla 51 (exp_aV)


Estado 196

   58 exp_bV: exp_bV • conjuncionTK exp_bV
   58       | exp_bV conjuncionTK exp_bV •
   59       | exp_bV • disyuncionTK exp_bV
   71 expresionV: exp_bV •

    operador_igualTK          reduce usando la regla 58 (exp_bV)
    operador_igualTK          [reduce usando la regla 71 (expresionV)]
    relacional_distintoTK     reduce usando la regla 58 (exp_bV)
    relacional_distintoTK     [reduce usando la regla 71 (expresionV)]
    relacional_menor_igualTK  reduce usando la regla 58 (exp_bV)
    relacional_menor_igualTK  [reduce usando la regla 71 (expresionV)]
    relacional_mayor_igualTK  reduce usando la regla 58 (exp_bV)
    relacional_mayor_igualTK  [reduce usando la regla 71 (expresionV)]
    relacional_menorTK        reduce usando la regla 58 (exp_bV)
    relacional_menorTK        [reduce usando la regla 71 (expresionV)]
    relacional_mayorTK        reduce usando la regla 58 (exp_bV)
    relacional_mayorTK        [reduce usando la regla 71 (expresionV)]
    $default                  reduce usando la regla 58 (exp_bV)


Estado 197

   58 exp_bV: exp_bV • conjuncionTK exp_bV
   59       | exp_bV • disyuncionTK exp_bV
   59       | exp_bV disyuncionTK exp_bV •
   71 expresionV: exp_bV •

    conjuncionTK  desplazar e ir al estado 150

    operador_igualTK          reduce usando la regla 59 (exp_bV)
    operador_igualTK          [reduce usando la regla 71 (expresionV)]
    relacional_distintoTK     reduce usando la regla 59 (exp_bV)
    relacional_distintoTK     [reduce usando la regla 71 (expresionV)]
    relacional_menor_igualTK  reduce usando la regla 59 (exp_bV)
    relacional_menor_igualTK  [reduce usando la regla 71 (expresionV)]
    relacional_mayor_igualTK  reduce usando la regla 59 (exp_bV)
    relacional_mayor_igualTK  [reduce usando la regla 71 (expresionV)]
    relacional_menorTK        reduce usando la regla 59 (exp_bV)
    relacional_menorTK        [reduce usando la regla 71 (expresionV)]
    relacional_mayorTK        reduce usando la regla 59 (exp_bV)
    relacional_mayorTK        [reduce usando la regla 71 (expresionV)]
    $default                  reduce usando la regla 59 (exp_bV)


Estado 198

   63 exp_bV: expresionV • relacional_distintoTK expresionV
   64       | expresionV • relacional_menor_igualTK expresionV
   65       | expresionV • relacional_mayor_igualTK expresionV
   66       | expresionV • relacional_menorTK expresionV
   67       | expresionV • relacional_mayorTK expresionV
   68       | expresionV • operador_igualTK expresionV
   68       | expresionV operador_igualTK expresionV •

    operador_igualTK    error (no asociativo)
    relacional_menorTK  error (no asociativo)
    relacional_mayorTK  error (no asociativo)

    $default  reduce usando la regla 68 (exp_bV)


Estado 199

   63 exp_bV: expresionV • relacional_distintoTK expresionV
   63       | expresionV relacional_distintoTK expresionV •
   64       | expresionV • relacional_menor_igualTK expresionV
   65       | expresionV • relacional_mayor_igualTK expresionV
   66       | expresionV • relacional_menorTK expresionV
   67       | expresionV • relacional_mayorTK expresionV
   68       | expresionV • operador_igualTK expresionV

    operador_igualTK    desplazar e ir al estado 152
    relacional_menorTK  desplazar e ir al estado 156
    relacional_mayorTK  desplazar e ir al estado 157

    relacional_distintoTK     error (no asociativo)
    relacional_menor_igualTK  error (no asociativo)
    relacional_mayor_igualTK  error (no asociativo)

    $default  reduce usando la regla 63 (exp_bV)


Estado 200

   63 exp_bV: expresionV • relacional_distintoTK expresionV
   64       | expresionV • relacional_menor_igualTK expresionV
   64       | expresionV relacional_menor_igualTK expresionV •
   65       | expresionV • relacional_mayor_igualTK expresionV
   66       | expresionV • relacional_menorTK expresionV
   67       | expresionV • relacional_mayorTK expresionV
   68       | expresionV • operador_igualTK expresionV

    operador_igualTK    desplazar e ir al estado 152
    relacional_menorTK  desplazar e ir al estado 156
    relacional_mayorTK  desplazar e ir al estado 157

    relacional_distintoTK     error (no asociativo)
    relacional_menor_igualTK  error (no asociativo)
    relacional_mayor_igualTK  error (no asociativo)

    $default  reduce usando la regla 64 (exp_bV)


Estado 201

   63 exp_bV: expresionV • relacional_distintoTK expresionV
   64       | expresionV • relacional_menor_igualTK expresionV
   65       | expresionV • relacional_mayor_igualTK expresionV
   65       | expresionV relacional_mayor_igualTK expresionV •
   66       | expresionV • relacional_menorTK expresionV
   67       | expresionV • relacional_mayorTK expresionV
   68       | expresionV • operador_igualTK expresionV

    operador_igualTK    desplazar e ir al estado 152
    relacional_menorTK  desplazar e ir al estado 156
    relacional_mayorTK  desplazar e ir al estado 157

    relacional_distintoTK     error (no asociativo)
    relacional_menor_igualTK  error (no asociativo)
    relacional_mayor_igualTK  error (no asociativo)

    $default  reduce usando la regla 65 (exp_bV)


Estado 202

   63 exp_bV: expresionV • relacional_distintoTK expresionV
   64       | expresionV • relacional_menor_igualTK expresionV
   65       | expresionV • relacional_mayor_igualTK expresionV
   66       | expresionV • relacional_menorTK expresionV
   66       | expresionV relacional_menorTK expresionV •
   67       | expresionV • relacional_mayorTK expresionV
   68       | expresionV • operador_igualTK expresionV

    operador_igualTK    error (no asociativo)
    relacional_menorTK  error (no asociativo)
    relacional_mayorTK  error (no asociativo)

    $default  reduce usando la regla 66 (exp_bV)


Estado 203

   63 exp_bV: expresionV • relacional_distintoTK expresionV
   64       | expresionV • relacional_menor_igualTK expresionV
   65       | expresionV • relacional_mayor_igualTK expresionV
   66       | expresionV • relacional_menorTK expresionV
   67       | expresionV • relacional_mayorTK expresionV
   67       | expresionV relacional_mayorTK expresionV •
   68       | expresionV • operador_igualTK expresionV

    operador_igualTK    error (no asociativo)
    relacional_menorTK  error (no asociativo)
    relacional_mayorTK  error (no asociativo)

    $default  reduce usando la regla 67 (exp_bV)


Estado 204

   37 declaracionDeVariableV: lista_idV operador_def_tipoTK d_tipoV operador_comp_secTK •

    $default  reduce usando la regla 37 (declaracionDeVariableV)


Estado 205

   91 alternativaV: inicio_siTK expresionV operador_entoncesTK instruccionesV • lista_opcionesV fin_siTK

    operador_elseTK  desplazar e ir al estado 222

    $default  reduce usando la regla 93 (lista_opcionesV)

    lista_opcionesV  ir al estado 223


Estado 206

   96 it_cota_expV: inicio_mientrasTK expresionV hacerTK instruccionesV • fin_mientrasTK

    fin_mientrasTK  desplazar e ir al estado 224


Estado 207

   63 exp_bV: expresionV • relacional_distintoTK expresionV
   64       | expresionV • relacional_menor_igualTK expresionV
   65       | expresionV • relacional_mayor_igualTK expresionV
   66       | expresionV • relacional_menorTK expresionV
   67       | expresionV • relacional_mayorTK expresionV
   68       | expresionV • operador_igualTK expresionV
   97 it_cota_fijaV: inicio_paraTK identificadorTK operador_asignacionTK expresionV • hastaTK expresionV hacerTK instruccionesV fin_paraTK

    operador_igualTK          desplazar e ir al estado 152
    relacional_distintoTK     desplazar e ir al estado 153
    relacional_menor_igualTK  desplazar e ir al estado 154
    relacional_mayor_igualTK  desplazar e ir al estado 155
    relacional_menorTK        desplazar e ir al estado 156
    relacional_mayorTK        desplazar e ir al estado 157
    hastaTK                   desplazar e ir al estado 225


Estado 208

  109 l_llV: expresionV operador_separadorTK • l_llV

    aritmetico_sumaTK        desplazar e ir al estado 78
    aritmetico_restaTK       desplazar e ir al estado 79
    inicio_parentesisTK      desplazar e ir al estado 80
    noTK                     desplazar e ir al estado 84
    identificadorTK          desplazar e ir al estado 105
    identificadorBooleanoTK  desplazar e ir al estado 50
    literal_booleanoTK       desplazar e ir al estado 87
    literal_enteroTK         desplazar e ir al estado 88
    literal_realTK           desplazar e ir al estado 89

    exp_aV       ir al estado 93
    exp_bV       ir al estado 94
    expresionV   ir al estado 164
    operando_aV  ir al estado 96
    operando_bV  ir al estado 97
    funcion_llV  ir al estado 98
    l_llV        ir al estado 226


Estado 209

  107 accion_llV: identificadorTK inicio_parentesisTK l_llV fin_parentesisTK •

    $default  reduce usando la regla 107 (accion_llV)


Estado 210

   75 operando_aV: operando_aV operador_inicio_arrayTK expresionV operador_fin_arrayTK •

    $default  reduce usando la regla 75 (operando_aV)


Estado 211

   79 operando_bV: operando_bV operador_inicio_arrayTK expresionV operador_fin_arrayTK •

    $default  reduce usando la regla 79 (operando_bV)


Estado 212

   39 lista_idV: lista_idV • operador_separadorTK declaracionDeListaIdV
  104 d_p_formV: tipo_atributo_entTK lista_idV • operador_def_tipoTK d_tipoV

    operador_separadorTK  desplazar e ir al estado 102
    operador_def_tipoTK   desplazar e ir al estado 227


Estado 213

   39 lista_idV: lista_idV • operador_separadorTK declaracionDeListaIdV
  105 d_p_formV: tipo_atributo_salTK lista_idV • operador_def_tipoTK d_tipoV

    operador_separadorTK  desplazar e ir al estado 102
    operador_def_tipoTK   desplazar e ir al estado 228


Estado 214

   39 lista_idV: lista_idV • operador_separadorTK declaracionDeListaIdV
  106 d_p_formV: tipo_atributo_ent_salTK lista_idV • operador_def_tipoTK d_tipoV

    operador_separadorTK  desplazar e ir al estado 102
    operador_def_tipoTK   desplazar e ir al estado 229


Estado 215

  100 a_cabeceraV: identificadorTK inicio_parentesisTK d_par_formV fin_parentesisTK • operador_comp_secTK

    operador_comp_secTK  desplazar e ir al estado 230


Estado 216

  102 d_par_formV: d_p_formV operador_comp_secTK • d_par_formV

    tipo_atributo_entTK      desplazar e ir al estado 173
    tipo_atributo_salTK      desplazar e ir al estado 174
    tipo_atributo_ent_salTK  desplazar e ir al estado 175

    $default  reduce usando la regla 103 (d_par_formV)

    d_par_formV  ir al estado 231
    d_p_formV    ir al estado 177


Estado 217

  101 f_cabeceraV: identificadorTK inicio_parentesisTK lista_d_varV fin_parentesisTK • devTK d_tipoV operador_comp_secTK

    devTK  desplazar e ir al estado 232


Estado 218

   63 exp_bV: expresionV • relacional_distintoTK expresionV
   64       | expresionV • relacional_menor_igualTK expresionV
   65       | expresionV • relacional_mayor_igualTK expresionV
   66       | expresionV • relacional_menorTK expresionV
   67       | expresionV • relacional_mayorTK expresionV
   68       | expresionV • operador_igualTK expresionV
   99 funcion_dV: inicio_funcionTK f_cabeceraV bloqueV devTK expresionV • fin_funcionTK

    operador_igualTK          desplazar e ir al estado 152
    relacional_distintoTK     desplazar e ir al estado 153
    relacional_menor_igualTK  desplazar e ir al estado 154
    relacional_mayor_igualTK  desplazar e ir al estado 155
    relacional_menorTK        desplazar e ir al estado 156
    relacional_mayorTK        desplazar e ir al estado 157
    fin_funcionTK             desplazar e ir al estado 233


Estado 219

   22 d_tipoV: tipoTablaTK operador_inicio_arrayTK expresion_tV operador_subrangoTK • expresion_tV operador_fin_arrayTK deTK d_tipoV

    aritmetico_sumaTK        desplazar e ir al estado 78
    aritmetico_restaTK       desplazar e ir al estado 79
    inicio_parentesisTK      desplazar e ir al estado 80
    noTK                     desplazar e ir al estado 84
    identificadorTK          desplazar e ir al estado 105
    identificadorBooleanoTK  desplazar e ir al estado 50
    literal_booleanoTK       desplazar e ir al estado 87
    literal_enteroTK         desplazar e ir al estado 88
    literal_realTK           desplazar e ir al estado 89
    literal_caracterTK       desplazar e ir al estado 90

    expresion_tV  ir al estado 234
    exp_aV        ir al estado 93
    exp_bV        ir al estado 94
    expresionV    ir al estado 95
    operando_aV   ir al estado 96
    operando_bV   ir al estado 97
    funcion_llV   ir al estado 98


Estado 220

   31 declaracionCampoV: identificadorTK operador_def_tipoTK d_tipoV • operador_comp_secTK

    operador_comp_secTK  desplazar e ir al estado 235


Estado 221

  108 funcion_llV: identificadorTK inicio_parentesisTK l_llV fin_parentesisTK •

    $default  reduce usando la regla 108 (funcion_llV)


Estado 222

   92 lista_opcionesV: operador_elseTK • expresionV operador_entoncesTK instruccionesV lista_opcionesV

    aritmetico_sumaTK        desplazar e ir al estado 78
    aritmetico_restaTK       desplazar e ir al estado 79
    inicio_parentesisTK      desplazar e ir al estado 80
    noTK                     desplazar e ir al estado 84
    identificadorTK          desplazar e ir al estado 105
    identificadorBooleanoTK  desplazar e ir al estado 50
    literal_booleanoTK       desplazar e ir al estado 87
    literal_enteroTK         desplazar e ir al estado 88
    literal_realTK           desplazar e ir al estado 89

    exp_aV       ir al estado 93
    exp_bV       ir al estado 94
    expresionV   ir al estado 236
    operando_aV  ir al estado 96
    operando_bV  ir al estado 97
    funcion_llV  ir al estado 98


Estado 223

   91 alternativaV: inicio_siTK expresionV operador_entoncesTK instruccionesV lista_opcionesV • fin_siTK

    fin_siTK  desplazar e ir al estado 237


Estado 224

   96 it_cota_expV: inicio_mientrasTK expresionV hacerTK instruccionesV fin_mientrasTK •

    $default  reduce usando la regla 96 (it_cota_expV)


Estado 225

   97 it_cota_fijaV: inicio_paraTK identificadorTK operador_asignacionTK expresionV hastaTK • expresionV hacerTK instruccionesV fin_paraTK

    aritmetico_sumaTK        desplazar e ir al estado 78
    aritmetico_restaTK       desplazar e ir al estado 79
    inicio_parentesisTK      desplazar e ir al estado 80
    noTK                     desplazar e ir al estado 84
    identificadorTK          desplazar e ir al estado 105
    identificadorBooleanoTK  desplazar e ir al estado 50
    literal_booleanoTK       desplazar e ir al estado 87
    literal_enteroTK         desplazar e ir al estado 88
    literal_realTK           desplazar e ir al estado 89

    exp_aV       ir al estado 93
    exp_bV       ir al estado 94
    expresionV   ir al estado 238
    operando_aV  ir al estado 96
    operando_bV  ir al estado 97
    funcion_llV  ir al estado 98


Estado 226

  109 l_llV: expresionV operador_separadorTK l_llV •

    $default  reduce usando la regla 109 (l_llV)


Estado 227

  104 d_p_formV: tipo_atributo_entTK lista_idV operador_def_tipoTK • d_tipoV

    aritmetico_sumaTK        desplazar e ir al estado 78
    aritmetico_restaTK       desplazar e ir al estado 79
    inicio_parentesisTK      desplazar e ir al estado 80
    tipoTK                   desplazar e ir al estado 81
    tipoTablaTK              desplazar e ir al estado 82
    tipoRefTK                desplazar e ir al estado 83
    noTK                     desplazar e ir al estado 84
    inicio_tuplaTK           desplazar e ir al estado 85
    identificadorTK          desplazar e ir al estado 86
    identificadorBooleanoTK  desplazar e ir al estado 50
    literal_booleanoTK       desplazar e ir al estado 87
    literal_enteroTK         desplazar e ir al estado 88
    literal_realTK           desplazar e ir al estado 89
    literal_caracterTK       desplazar e ir al estado 90

    d_tipoV       ir al estado 239
    expresion_tV  ir al estado 92
    exp_aV        ir al estado 93
    exp_bV        ir al estado 94
    expresionV    ir al estado 95
    operando_aV   ir al estado 96
    operando_bV   ir al estado 97
    funcion_llV   ir al estado 98


Estado 228

  105 d_p_formV: tipo_atributo_salTK lista_idV operador_def_tipoTK • d_tipoV

    aritmetico_sumaTK        desplazar e ir al estado 78
    aritmetico_restaTK       desplazar e ir al estado 79
    inicio_parentesisTK      desplazar e ir al estado 80
    tipoTK                   desplazar e ir al estado 81
    tipoTablaTK              desplazar e ir al estado 82
    tipoRefTK                desplazar e ir al estado 83
    noTK                     desplazar e ir al estado 84
    inicio_tuplaTK           desplazar e ir al estado 85
    identificadorTK          desplazar e ir al estado 86
    identificadorBooleanoTK  desplazar e ir al estado 50
    literal_booleanoTK       desplazar e ir al estado 87
    literal_enteroTK         desplazar e ir al estado 88
    literal_realTK           desplazar e ir al estado 89
    literal_caracterTK       desplazar e ir al estado 90

    d_tipoV       ir al estado 240
    expresion_tV  ir al estado 92
    exp_aV        ir al estado 93
    exp_bV        ir al estado 94
    expresionV    ir al estado 95
    operando_aV   ir al estado 96
    operando_bV   ir al estado 97
    funcion_llV   ir al estado 98


Estado 229

  106 d_p_formV: tipo_atributo_ent_salTK lista_idV operador_def_tipoTK • d_tipoV

    aritmetico_sumaTK        desplazar e ir al estado 78
    aritmetico_restaTK       desplazar e ir al estado 79
    inicio_parentesisTK      desplazar e ir al estado 80
    tipoTK                   desplazar e ir al estado 81
    tipoTablaTK              desplazar e ir al estado 82
    tipoRefTK                desplazar e ir al estado 83
    noTK                     desplazar e ir al estado 84
    inicio_tuplaTK           desplazar e ir al estado 85
    identificadorTK          desplazar e ir al estado 86
    identificadorBooleanoTK  desplazar e ir al estado 50
    literal_booleanoTK       desplazar e ir al estado 87
    literal_enteroTK         desplazar e ir al estado 88
    literal_realTK           desplazar e ir al estado 89
    literal_caracterTK       desplazar e ir al estado 90

    d_tipoV       ir al estado 241
    expresion_tV  ir al estado 92
    exp_aV        ir al estado 93
    exp_bV        ir al estado 94
    expresionV    ir al estado 95
    operando_aV   ir al estado 96
    operando_bV   ir al estado 97
    funcion_llV   ir al estado 98


Estado 230

  100 a_cabeceraV: identificadorTK inicio_parentesisTK d_par_formV fin_parentesisTK operador_comp_secTK •

    $default  reduce usando la regla 100 (a_cabeceraV)


Estado 231

  102 d_par_formV: d_p_formV operador_comp_secTK d_par_formV •

    $default  reduce usando la regla 102 (d_par_formV)


Estado 232

  101 f_cabeceraV: identificadorTK inicio_parentesisTK lista_d_varV fin_parentesisTK devTK • d_tipoV operador_comp_secTK

    aritmetico_sumaTK        desplazar e ir al estado 78
    aritmetico_restaTK       desplazar e ir al estado 79
    inicio_parentesisTK      desplazar e ir al estado 80
    tipoTK                   desplazar e ir al estado 81
    tipoTablaTK              desplazar e ir al estado 82
    tipoRefTK                desplazar e ir al estado 83
    noTK                     desplazar e ir al estado 84
    inicio_tuplaTK           desplazar e ir al estado 85
    identificadorTK          desplazar e ir al estado 86
    identificadorBooleanoTK  desplazar e ir al estado 50
    literal_booleanoTK       desplazar e ir al estado 87
    literal_enteroTK         desplazar e ir al estado 88
    literal_realTK           desplazar e ir al estado 89
    literal_caracterTK       desplazar e ir al estado 90

    d_tipoV       ir al estado 242
    expresion_tV  ir al estado 92
    exp_aV        ir al estado 93
    exp_bV        ir al estado 94
    expresionV    ir al estado 95
    operando_aV   ir al estado 96
    operando_bV   ir al estado 97
    funcion_llV   ir al estado 98


Estado 233

   99 funcion_dV: inicio_funcionTK f_cabeceraV bloqueV devTK expresionV fin_funcionTK •

    $default  reduce usando la regla 99 (funcion_dV)


Estado 234

   22 d_tipoV: tipoTablaTK operador_inicio_arrayTK expresion_tV operador_subrangoTK expresion_tV • operador_fin_arrayTK deTK d_tipoV

    operador_fin_arrayTK  desplazar e ir al estado 243


Estado 235

   31 declaracionCampoV: identificadorTK operador_def_tipoTK d_tipoV operador_comp_secTK •

    $default  reduce usando la regla 31 (declaracionCampoV)


Estado 236

   63 exp_bV: expresionV • relacional_distintoTK expresionV
   64       | expresionV • relacional_menor_igualTK expresionV
   65       | expresionV • relacional_mayor_igualTK expresionV
   66       | expresionV • relacional_menorTK expresionV
   67       | expresionV • relacional_mayorTK expresionV
   68       | expresionV • operador_igualTK expresionV
   92 lista_opcionesV: operador_elseTK expresionV • operador_entoncesTK instruccionesV lista_opcionesV

    operador_entoncesTK       desplazar e ir al estado 244
    operador_igualTK          desplazar e ir al estado 152
    relacional_distintoTK     desplazar e ir al estado 153
    relacional_menor_igualTK  desplazar e ir al estado 154
    relacional_mayor_igualTK  desplazar e ir al estado 155
    relacional_menorTK        desplazar e ir al estado 156
    relacional_mayorTK        desplazar e ir al estado 157


Estado 237

   91 alternativaV: inicio_siTK expresionV operador_entoncesTK instruccionesV lista_opcionesV fin_siTK •

    $default  reduce usando la regla 91 (alternativaV)


Estado 238

   63 exp_bV: expresionV • relacional_distintoTK expresionV
   64       | expresionV • relacional_menor_igualTK expresionV
   65       | expresionV • relacional_mayor_igualTK expresionV
   66       | expresionV • relacional_menorTK expresionV
   67       | expresionV • relacional_mayorTK expresionV
   68       | expresionV • operador_igualTK expresionV
   97 it_cota_fijaV: inicio_paraTK identificadorTK operador_asignacionTK expresionV hastaTK expresionV • hacerTK instruccionesV fin_paraTK

    operador_igualTK          desplazar e ir al estado 152
    relacional_distintoTK     desplazar e ir al estado 153
    relacional_menor_igualTK  desplazar e ir al estado 154
    relacional_mayor_igualTK  desplazar e ir al estado 155
    relacional_menorTK        desplazar e ir al estado 156
    relacional_mayorTK        desplazar e ir al estado 157
    hacerTK                   desplazar e ir al estado 245


Estado 239

  104 d_p_formV: tipo_atributo_entTK lista_idV operador_def_tipoTK d_tipoV •

    $default  reduce usando la regla 104 (d_p_formV)


Estado 240

  105 d_p_formV: tipo_atributo_salTK lista_idV operador_def_tipoTK d_tipoV •

    $default  reduce usando la regla 105 (d_p_formV)


Estado 241

  106 d_p_formV: tipo_atributo_ent_salTK lista_idV operador_def_tipoTK d_tipoV •

    $default  reduce usando la regla 106 (d_p_formV)


Estado 242

  101 f_cabeceraV: identificadorTK inicio_parentesisTK lista_d_varV fin_parentesisTK devTK d_tipoV • operador_comp_secTK

    operador_comp_secTK  desplazar e ir al estado 246


Estado 243

   22 d_tipoV: tipoTablaTK operador_inicio_arrayTK expresion_tV operador_subrangoTK expresion_tV operador_fin_arrayTK • deTK d_tipoV

    deTK  desplazar e ir al estado 247


Estado 244

   92 lista_opcionesV: operador_elseTK expresionV operador_entoncesTK • instruccionesV lista_opcionesV

    continuarTK              desplazar e ir al estado 45
    inicio_siTK              desplazar e ir al estado 46
    inicio_mientrasTK        desplazar e ir al estado 47
    inicio_paraTK            desplazar e ir al estado 48
    identificadorTK          desplazar e ir al estado 49
    identificadorBooleanoTK  desplazar e ir al estado 50

    operando_aV     ir al estado 51
    operando_bV     ir al estado 52
    instruccionesV  ir al estado 248
    instruccionV    ir al estado 54
    asignacion_aV   ir al estado 55
    asignacion_bV   ir al estado 56
    alternativaV    ir al estado 57
    iteracionV      ir al estado 58
    it_cota_expV    ir al estado 59
    it_cota_fijaV   ir al estado 60
    accion_llV      ir al estado 61


Estado 245

   97 it_cota_fijaV: inicio_paraTK identificadorTK operador_asignacionTK expresionV hastaTK expresionV hacerTK • instruccionesV fin_paraTK

    continuarTK              desplazar e ir al estado 45
    inicio_siTK              desplazar e ir al estado 46
    inicio_mientrasTK        desplazar e ir al estado 47
    inicio_paraTK            desplazar e ir al estado 48
    identificadorTK          desplazar e ir al estado 49
    identificadorBooleanoTK  desplazar e ir al estado 50

    operando_aV     ir al estado 51
    operando_bV     ir al estado 52
    instruccionesV  ir al estado 249
    instruccionV    ir al estado 54
    asignacion_aV   ir al estado 55
    asignacion_bV   ir al estado 56
    alternativaV    ir al estado 57
    iteracionV      ir al estado 58
    it_cota_expV    ir al estado 59
    it_cota_fijaV   ir al estado 60
    accion_llV      ir al estado 61


Estado 246

  101 f_cabeceraV: identificadorTK inicio_parentesisTK lista_d_varV fin_parentesisTK devTK d_tipoV operador_comp_secTK •

    $default  reduce usando la regla 101 (f_cabeceraV)


Estado 247

   22 d_tipoV: tipoTablaTK operador_inicio_arrayTK expresion_tV operador_subrangoTK expresion_tV operador_fin_arrayTK deTK • d_tipoV

    aritmetico_sumaTK        desplazar e ir al estado 78
    aritmetico_restaTK       desplazar e ir al estado 79
    inicio_parentesisTK      desplazar e ir al estado 80
    tipoTK                   desplazar e ir al estado 81
    tipoTablaTK              desplazar e ir al estado 82
    tipoRefTK                desplazar e ir al estado 83
    noTK                     desplazar e ir al estado 84
    inicio_tuplaTK           desplazar e ir al estado 85
    identificadorTK          desplazar e ir al estado 86
    identificadorBooleanoTK  desplazar e ir al estado 50
    literal_booleanoTK       desplazar e ir al estado 87
    literal_enteroTK         desplazar e ir al estado 88
    literal_realTK           desplazar e ir al estado 89
    literal_caracterTK       desplazar e ir al estado 90

    d_tipoV       ir al estado 250
    expresion_tV  ir al estado 92
    exp_aV        ir al estado 93
    exp_bV        ir al estado 94
    expresionV    ir al estado 95
    operando_aV   ir al estado 96
    operando_bV   ir al estado 97
    funcion_llV   ir al estado 98


Estado 248

   92 lista_opcionesV: operador_elseTK expresionV operador_entoncesTK instruccionesV • lista_opcionesV

    operador_elseTK  desplazar e ir al estado 222

    $default  reduce usando la regla 93 (lista_opcionesV)

    lista_opcionesV  ir al estado 251


Estado 249

   97 it_cota_fijaV: inicio_paraTK identificadorTK operador_asignacionTK expresionV hastaTK expresionV hacerTK instruccionesV • fin_paraTK

    fin_paraTK  desplazar e ir al estado 252


Estado 250

   22 d_tipoV: tipoTablaTK operador_inicio_arrayTK expresion_tV operador_subrangoTK expresion_tV operador_fin_arrayTK deTK d_tipoV •

    $default  reduce usando la regla 22 (d_tipoV)


Estado 251

   92 lista_opcionesV: operador_elseTK expresionV operador_entoncesTK instruccionesV lista_opcionesV •

    $default  reduce usando la regla 92 (lista_opcionesV)


Estado 252

   97 it_cota_fijaV: inicio_paraTK identificadorTK operador_asignacionTK expresionV hastaTK expresionV hacerTK instruccionesV fin_paraTK •

    $default  reduce usando la regla 97 (it_cota_fijaV)
